Variable,Date,X1,X2,X3,X4,X5,X6,X7,X8,X9,X10,X11,X12,X13,X14,X15,X16,X17,X18,X19,X20,X21,X22,X23,X24
HB_PAN,2019-04-06,15.51,16.57,15.51,14.91,17.75,20.11,18.6,18.24,20.06,21.88,23.42,22.96,20.77,20.0,22.41,22.9,27.06,27.28,27.13,27.39,27.03,18.24,18.55,17.41
HB_PAN,2019-04-07,18.52,17.15,16.73,16.13,16.68,17.92,17.31,18.91,20.37,20.54,21.29,20.66,19.38,20.27,24.14,24.89,28.1,30.87,30.61,37.1,43.14,27.53,27.33,21.37
HB_PAN,2019-04-08,18.99,17.98,17.42,17.58,18.65,21.71,26.19,20.53,22.7,25.84,27.23,31.05,32.61,37.7,47.14,74.65,94.59,81.54,48.48,49.52,43.94,32.95,27.15,21.3
HB_PAN,2019-04-09,20.01,18.04,16.5,15.99,16.59,19.01,21.09,20.97,21.07,24.91,28.55,29.75,31.4,38.49,46.36,89.53,99.64,97.66,32.58,25.28,8.56,2.01,1.63,-1.26
HB_PAN,2019-04-10,-1.47,-1.56,-1.77,-1.57,-0.34,0.85,5.92,6.17,6.84,7.01,4.53,4.4,3.21,9.95,2.98,18.0,37.32,29.82,20.1,15.52,15.12,12.02,10.66,7.88
HB_PAN,2019-04-11,-0.08,-0.05,-1.87,-0.07,1.31,5.12,14.31,10.36,11.81,11.65,15.09,18.83,20.27,23.02,30.32,32.66,48.69,39.86,28.98,35.49,34.0,22.9,21.93,19.54
HB_PAN,2019-04-12,18.83,17.52,16.28,15.93,16.68,23.88,26.97,21.38,21.83,24.23,23.68,22.04,21.83,22.88,27.25,27.5,43.19,28.97,19.93,17.54,15.0,12.68,13.85,13.97
HB_PAN,2019-04-13,10.97,10.39,9.27,9.26,9.52,11.31,13.17,14.56,14.4,16.29,18.8,14.62,11.37,7.79,3.76,3.73,4.8,6.12,9.9,15.46,20.18,18.78,16.55,15.44
HB_PAN,2019-04-14,17.69,17.6,17.54,17.46,18.09,19.48,22.71,23.58,29.26,31.32,29.69,28.56,23.6,22.48,19.73,18.0,16.39,18.07,17.27,19.25,16.57,12.74,9.71,2.15
HB_PAN,2019-04-15,0.01,-0.05,-0.33,-0.03,1.88,3.09,13.8,9.25,12.56,12.99,11.4,9.25,6.32,5.65,3.5,4.89,4.72,4.54,3.88,5.14,5.46,2.01,1.43,-0.39
HB_PAN,2019-04-16,-4.65,-4.94,-5.16,-4.69,-4.2,-2.9,2.35,4.46,4.58,7.93,8.51,8.84,8.96,9.73,7.84,14.73,6.23,3.96,1.69,1.73,1.95,0.31,-0.15,-2.09
HB_PAN,2019-04-17,-6.09,-5.27,-6.2,-5.0,-4.53,2.43,8.23,11.93,13.13,13.45,16.6,17.2,16.38,12.55,9.85,16.68,12.48,10.43,14.52,18.51,19.24,10.44,5.2,1.84
HB_PAN,2019-04-18,11.63,10.55,4.76,0.05,-0.23,-0.36,0.15,-0.01,0.1,-1.08,-0.96,-0.9,-0.81,1.15,0.86,1.97,5.61,11.74,15.57,22.46,34.46,25.52,21.25,19.44
HB_PAN,2019-04-19,16.2,15.19,14.27,15.36,15.92,16.92,22.07,21.57,20.81,20.34,20.18,21.11,21.16,22.23,22.68,23.48,31.37,35.25,33.21,34.16,37.24,26.12,21.92,19.32
HB_PAN,2019-04-20,20.49,17.56,16.75,11.98,9.66,9.77,12.56,13.38,18.39,18.79,19.31,17.84,17.96,13.1,13.42,17.96,19.37,16.01,13.76,11.42,5.08,2.03,-1.06,-1.69
HB_PAN,2019-04-21,-1.83,-2.37,-2.73,-2.42,-1.56,-0.15,-0.13,1.4,6.38,9.73,10.31,13.94,14.27,14.03,14.03,14.52,17.48,19.6,20.35,19.71,29.23,12.44,9.16,2.94
HB_PAN,2019-04-22,8.4,6.57,6.58,8.25,10.01,15.87,14.93,18.05,18.94,19.68,20.72,22.9,23.6,27.11,29.1,37.57,49.03,39.46,27.07,24.04,29.3,24.58,22.33,19.36
HB_PAN,2019-04-23,19.72,17.7,16.89,15.93,15.95,19.06,21.82,20.35,20.46,22.31,23.6,23.61,22.31,24.85,29.23,34.86,43.2,32.6,28.54,28.21,38.16,22.69,22.9,20.4
HB_PAN,2019-04-24,19.71,18.78,18.11,17.97,18.53,19.87,25.56,24.19,24.62,25.07,22.94,24.3,24.73,27.49,30.92,32.29,37.38,32.74,30.58,32.72,52.25,30.0,30.61,24.18
HB_PAN,2019-04-25,20.71,19.32,17.94,16.97,17.48,19.45,27.61,26.52,25.4,23.04,24.5,23.43,16.5,21.64,23.62,27.24,45.26,44.08,38.98,32.57,42.02,28.93,26.12,21.64
HB_PAN,2019-04-26,13.81,14.3,13.97,13.6,14.13,17.87,23.5,22.21,22.13,21.08,20.53,18.27,10.71,9.95,9.06,9.81,10.18,5.02,-2.64,-5.14,-6.12,-9.77,-10.03,-13.13
HB_PAN,2019-04-27,-17.12,-17.68,-18.4,-17.12,-15.66,-16.6,-19.01,-12.8,-9.99,3.26,9.48,14.35,15.3,19.02,25.6,35.1,50.22,41.46,29.14,10.28,10.26,10.83,10.68,10.03
HB_PAN,2019-04-28,7.46,7.07,6.49,7.74,10.29,12.55,16.54,19.06,20.41,21.77,23.34,25.96,23.01,27.06,24.39,17.76,5.55,4.5,1.14,0.92,2.32,-3.48,-9.09,-10.01
HB_PAN,2019-04-29,-10.94,-11.18,-11.31,-10.88,-1.45,5.02,9.39,11.47,14.89,5.01,7.38,11.62,15.18,23.79,28.57,36.78,60.3,40.17,30.85,26.86,23.28,20.93,21.14,18.67
HB_PAN,2019-04-30,18.8,16.59,15.5,13.78,12.85,15.77,18.33,20.58,13.77,10.9,11.15,10.51,14.31,5.32,17.17,21.44,26.2,9.9,10.03,4.19,11.29,9.87,7.51,7.5
HB_PAN,2019-05-01,25.43,22.31,18.94,18.7,19.82,21.77,24.71,24.54,26.1,27.89,26.22,26.23,27.32,28.53,33.25,38.6,47.55,29.77,21.28,23.78,24.69,20.07,21.23,19.52
HB_PAN,2019-05-02,19.12,17.58,10.73,8.02,7.38,14.35,15.71,16.09,20.41,22.02,25.81,29.36,31.83,38.71,53.38,60.38,65.16,46.71,32.52,31.61,34.78,28.92,31.14,25.68
HB_PAN,2019-05-03,23.3,21.97,20.92,20.61,21.15,24.6,29.52,29.94,30.6,30.59,30.43,30.8,28.41,33.08,35.16,38.28,38.36,30.6,27.55,25.43,30.49,25.04,29.55,25.88
HB_PAN,2019-05-04,22.43,20.1,19.93,19.13,21.3,21.58,22.59,23.58,24.67,26.84,29.02,30.07,31.37,33.94,38.42,53.9,62.26,49.83,35.06,28.26,28.63,21.56,18.86,13.48
HB_PAN,2019-05-05,9.13,8.23,9.42,9.66,10.34,12.52,15.5,16.7,18.75,17.27,17.29,19.02,20.92,23.81,25.46,34.44,44.12,33.57,26.45,25.9,21.53,6.28,5.38,5.45
HB_PAN,2019-05-06,-2.01,-0.48,-1.99,-0.01,3.11,8.41,16.64,15.12,19.59,17.38,18.83,21.59,25.14,27.68,28.91,36.57,36.63,28.03,9.98,9.97,6.86,4.95,2.72,1.41
HB_PAN,2019-05-07,-5.12,-6.63,-5.47,-5.15,-1.94,6.84,15.14,17.83,18.12,15.9,16.41,18.36,17.39,17.33,22.02,14.04,17.89,16.13,14.99,6.89,5.52,3.75,3.93,4.14
HB_PAN,2019-05-08,3.96,5.6,4.96,5.47,8.35,11.16,14.54,16.61,18.49,16.92,14.6,17.39,21.56,26.49,29.72,33.46,37.69,31.07,12.79,23.05,25.26,11.88,7.45,4.63
HB_PAN,2019-05-09,1.23,1.77,0.84,0.03,4.36,8.41,14.29,15.69,18.5,17.04,19.93,21.49,20.51,25.56,31.24,43.33,31.45,18.29,16.8,17.04,17.97,13.28,13.64,11.11
HB_PAN,2019-05-10,14.78,12.08,11.22,11.82,17.33,19.72,19.49,19.21,19.48,19.17,19.22,20.0,20.91,21.92,24.48,22.62,22.85,21.62,21.33,22.18,24.4,23.38,23.5,21.34
HB_PAN,2019-05-11,18.8,17.8,17.11,16.97,16.75,17.23,19.66,19.7,22.03,22.67,23.28,25.29,23.52,24.97,26.06,29.14,33.19,30.04,27.92,27.07,28.31,25.22,21.92,19.65
HB_PAN,2019-05-12,18.96,18.14,17.15,16.42,16.7,17.37,18.97,19.22,21.18,21.56,24.46,23.75,23.62,26.65,28.13,35.72,45.21,37.3,31.49,31.08,31.41,25.98,22.36,20.08
HB_PAN,2019-05-13,16.8,13.93,12.85,12.66,12.54,15.59,19.73,20.32,21.81,21.57,23.99,27.17,23.42,29.01,32.89,47.12,44.21,37.0,27.71,26.68,25.02,17.51,15.35,14.19
HB_PAN,2019-05-14,2.2,1.24,0.58,1.01,2.1,7.37,18.62,20.48,24.64,24.49,26.01,28.21,30.39,40.45,46.84,67.69,59.99,47.26,33.98,32.33,25.94,10.96,10.11,4.84
HB_PAN,2019-05-15,0.69,0.01,-1.81,-2.69,-1.4,1.65,8.72,16.63,21.37,21.73,23.97,27.09,31.11,43.03,46.99,58.7,59.32,44.93,31.56,20.01,9.98,1.12,-0.02,-2.86
HB_PAN,2019-05-16,-3.55,-6.23,-7.72,-8.03,-7.43,-0.96,3.13,9.44,12.48,15.13,14.47,13.88,16.89,14.67,25.15,22.2,21.26,16.24,6.48,-0.03,-1.23,-2.49,-4.09,-4.99
HB_PAN,2019-05-17,-11.48,-11.62,-15.06,-13.3,-12.83,-6.48,-2.39,-3.09,-0.13,-0.01,-0.01,0.02,0.01,-0.03,-0.21,-7.51,-7.58,-4.87,-8.32,-5.46,-4.97,-3.57,-2.52,-4.99
HB_PAN,2019-05-18,0.0,1.0,3.72,5.9,9.68,11.39,17.71,18.29,18.72,19.51,19.72,17.48,8.4,2.83,-5.01,-6.55,-7.01,-6.11,-7.11,-4.65,17.14,16.65,17.43,17.61
HB_PAN,2019-05-19,17.51,17.87,18.61,18.49,18.6,18.92,20.01,19.8,22.42,25.39,27.89,30.09,31.86,41.34,51.58,50.44,51.86,45.0,23.62,11.96,2.24,-2.09,-5.73,-7.2
HB_PAN,2019-05-20,-7.84,-9.45,-11.27,-6.91,-2.73,3.19,2.5,3.29,1.74,2.39,2.29,9.53,3.29,9.05,-0.16,-1.01,-3.37,2.82,-0.53,-3.02,10.04,7.33,6.02,5.81
HB_PAN,2019-05-21,12.76,9.95,8.82,9.37,7.48,0.01,-2.3,-5.0,-10.02,-10.82,-12.01,-12.03,-11.04,-10.87,-12.03,-12.94,-11.99,-9.05,-8.43,-5.97,-3.95,-0.37,-3.0,-3.9
HB_PAN,2019-05-22,8.43,7.66,9.16,6.49,8.72,11.26,15.36,18.07,20.07,20.44,19.85,20.06,16.94,17.74,13.82,6.43,5.88,10.25,0.05,-5.7,-0.99,0.01,-0.44,-0.81
HB_PAN,2019-05-23,1.02,0.04,2.64,1.85,6.49,9.25,11.04,10.18,10.04,9.83,10.0,8.11,11.1,13.1,8.61,9.41,4.65,10.02,7.14,0.49,0.03,0.82,4.46,7.45
HB_PAN,2019-05-24,15.18,15.09,16.26,16.39,16.39,19.9,20.43,19.13,18.79,19.01,18.41,18.71,18.55,30.95,23.4,30.39,33.52,25.46,24.0,23.0,16.35,16.08,10.47,7.22
HB_PAN,2019-05-25,4.91,4.98,6.33,10.4,12.33,14.06,14.0,14.81,18.56,17.21,15.29,14.87,18.31,18.6,16.5,29.18,21.76,15.58,13.99,11.77,6.79,7.0,4.94,5.29
HB_PAN,2019-05-26,10.63,10.01,13.65,13.99,13.49,14.5,14.98,15.08,16.51,13.49,11.56,10.23,4.99,14.59,3.87,3.71,3.83,3.69,3.67,2.96,0.61,-0.45,-1.98,-1.3
HB_PAN,2019-05-27,7.57,9.34,9.25,9.86,13.31,10.86,14.69,14.41,17.01,16.05,15.64,16.8,19.39,15.05,8.39,10.0,5.91,1.98,-3.36,-4.86,-3.45,-2.51,-1.98,-1.41
HB_PAN,2019-05-28,1.0,3.88,7.4,9.23,10.84,14.96,15.64,15.92,17.74,18.81,18.67,20.26,25.49,27.42,27.94,32.75,46.24,31.23,24.8,24.99,26.65,23.64,21.81,20.22
HB_PAN,2019-05-29,18.62,17.61,17.18,16.89,16.57,17.26,17.67,20.15,20.36,19.41,20.72,21.93,25.19,31.2,36.58,37.38,42.75,30.52,24.33,22.76,25.25,22.75,21.41,20.44
HB_PAN,2019-05-30,19.71,18.9,18.15,17.86,18.08,19.38,23.02,22.71,22.74,23.39,24.94,26.85,29.56,30.62,37.62,45.51,41.29,29.33,25.62,22.39,23.82,19.82,22.1,21.12
HB_PAN,2019-05-31,21.73,20.33,19.85,19.67,20.13,20.28,21.51,21.92,22.71,23.43,26.87,28.74,30.33,30.42,35.23,46.33,47.42,32.02,28.8,27.23,24.42,21.76,19.71,11.97
HB_PAN,2019-06-01,19.74,18.68,18.41,18.86,18.11,18.4,18.3,19.65,21.47,25.24,27.94,31.46,35.22,38.6,48.26,60.97,57.96,44.6,34.03,30.36,30.29,28.45,27.72,23.64
HB_PAN,2019-06-02,19.12,18.41,17.89,17.34,16.97,16.93,17.43,17.86,20.11,23.43,26.51,30.27,34.21,40.88,42.0,54.5,55.68,38.14,33.39,27.69,27.46,25.29,22.97,19.42
HB_PAN,2019-06-03,18.15,16.76,15.98,15.59,16.02,17.15,20.85,21.04,20.78,21.79,23.43,28.55,33.52,37.87,46.57,53.33,49.58,35.2,29.02,25.65,23.79,17.02,14.77,9.86
HB_PAN,2019-06-04,15.83,15.75,15.44,15.3,15.95,18.89,20.11,21.14,23.61,22.19,26.21,28.4,30.96,37.63,47.69,51.45,45.68,36.04,29.97,25.95,24.37,21.16,21.66,20.54
HB_PAN,2019-06-05,20.54,19.66,18.78,18.35,19.16,20.64,23.3,22.88,25.36,25.61,31.85,33.59,30.02,31.84,37.23,38.98,34.75,28.67,25.86,26.01,23.23,20.87,21.18,20.12
HB_PAN,2019-06-06,19.19,18.48,17.99,17.07,18.38,19.51,21.39,22.02,24.27,25.62,27.05,31.88,38.51,39.8,59.64,72.71,56.49,41.66,28.94,29.17,27.95,25.6,26.09,21.66
HB_PAN,2019-06-07,16.83,15.73,15.4,15.07,15.07,15.57,16.82,17.62,20.12,20.48,26.5,28.3,34.95,45.3,71.06,99.37,94.58,53.16,34.51,28.23,26.84,13.0,16.3,14.67
HB_PAN,2019-06-08,10.68,10.9,11.21,12.06,12.55,13.1,15.0,16.1,19.05,19.37,25.34,28.71,39.35,47.95,67.25,90.87,100.06,70.58,37.96,20.55,12.99,9.82,9.12,7.66
HB_PAN,2019-06-09,5.44,10.58,10.25,9.33,11.0,11.75,13.37,13.1,9.85,5.0,3.51,5.37,8.38,16.74,45.41,49.54,55.72,25.0,9.42,7.33,4.73,1.55,0.0,0.93
HB_PAN,2019-06-10,1.72,5.88,8.58,9.65,6.24,9.01,12.54,13.61,14.59,16.67,17.84,18.8,21.39,28.21,31.46,36.14,42.8,31.93,28.21,24.76,24.82,22.86,20.49,19.05
HB_PAN,2019-06-11,17.57,15.67,14.81,13.46,14.71,15.16,15.36,12.81,14.65,9.79,9.6,13.26,19.36,23.0,27.01,37.8,39.16,30.12,26.74,21.87,19.66,17.19,17.38,14.22
HB_PAN,2019-06-12,14.38,13.82,13.07,12.55,13.76,15.48,15.08,12.99,15.51,11.93,16.69,24.07,22.17,30.34,37.15,45.51,52.12,35.03,31.42,28.87,27.5,25.6,22.31,20.33
HB_PAN,2019-06-13,15.86,14.62,13.44,12.99,13.25,14.13,14.39,13.38,12.62,10.49,9.88,4.72,0.02,0.02,-3.84,-0.98,-1.65,-8.59,-9.16,-8.35,-9.2,-9.99,-4.0,-4.7
HB_PAN,2019-06-14,-5.0,-5.0,-4.62,-6.17,-7.69,-6.8,-2.72,-3.22,-0.32,0.02,2.0,2.27,2.94,12.84,10.2,12.14,19.29,10.35,5.05,3.62,-0.92,-1.64,-2.98,-3.74
HB_PAN,2019-06-15,-7.14,-6.87,-7.9,-7.56,-3.94,-9.62,1.67,6.61,11.97,13.82,17.1,19.56,22.01,25.73,30.64,40.58,50.26,34.17,24.28,19.16,16.41,19.7,15.55,15.6
HB_PAN,2019-06-16,17.22,15.29,14.72,14.06,14.21,14.12,15.22,15.81,17.28,18.92,20.56,24.53,29.87,38.48,38.12,46.26,45.94,32.56,28.33,24.88,25.65,21.98,20.67,19.8
HB_PAN,2019-06-17,19.69,17.76,16.89,17.28,17.68,18.95,18.97,19.68,20.03,20.39,24.27,27.56,31.84,36.02,39.7,49.6,48.12,32.54,30.05,27.78,27.87,22.85,21.72,20.04
HB_PAN,2019-06-18,16.71,15.81,15.86,15.28,15.84,16.64,17.69,18.26,18.2,19.29,20.48,23.8,29.55,34.98,39.54,46.46,44.44,31.54,26.45,20.74,14.56,13.74,15.22,12.82
HB_PAN,2019-06-19,13.54,13.04,14.39,13.25,13.45,11.47,14.17,16.21,18.23,19.04,21.32,26.53,34.11,58.24,58.27,85.24,87.03,61.16,43.3,34.31,29.94,25.1,24.19,21.98
HB_PAN,2019-06-20,16.75,15.47,14.85,13.34,13.27,14.91,15.99,16.49,17.99,18.63,21.0,27.68,29.52,42.46,68.08,91.9,92.91,53.97,37.93,20.22,7.64,8.93,2.71,2.0
HB_PAN,2019-06-21,-0.44,-2.73,-3.0,-6.22,-7.38,-8.88,-11.58,-8.12,-2.47,1.7,9.52,14.78,16.18,15.68,13.73,14.55,13.52,7.87,4.29,2.88,-4.56,-3.53,-8.11,-9.53
HB_PAN,2019-06-22,-7.74,-9.8,-7.84,-6.94,-5.92,-4.99,2.0,10.3,15.32,15.87,17.15,18.83,21.67,25.58,25.13,25.17,24.5,20.42,15.1,12.68,6.67,5.8,4.08,1.67
HB_PAN,2019-06-23,3.27,1.69,1.66,5.01,6.65,11.06,11.54,13.29,15.72,16.26,17.14,18.0,19.24,24.08,28.91,32.16,35.72,33.01,24.36,22.65,24.58,22.41,20.51,18.37
HB_PAN,2019-06-24,18.35,17.53,15.82,15.53,15.73,18.02,18.87,19.12,19.17,19.54,22.18,22.42,25.83,32.7,37.17,40.58,38.91,32.94,25.48,23.3,21.4,18.49,18.84,17.35
HB_PAN,2019-06-25,15.14,14.08,14.17,13.95,14.0,15.56,16.74,17.44,18.22,17.97,19.6,21.47,24.22,34.67,40.03,39.31,39.43,28.27,23.69,19.38,13.65,11.2,9.51,9.38
HB_PAN,2019-06-26,2.9,2.83,2.86,3.64,4.97,10.65,14.66,16.27,17.12,16.83,17.79,17.24,16.25,19.55,24.55,30.85,25.31,18.49,10.66,9.52,7.93,6.96,3.42,2.0
HB_PAN,2019-06-27,-3.48,-5.39,-3.6,0.13,3.96,7.43,12.46,15.69,16.34,16.31,16.78,18.54,20.65,33.08,38.01,39.99,38.75,31.62,22.21,14.54,15.01,14.65,9.72,8.95
HB_PAN,2019-06-28,9.23,10.62,9.63,9.75,10.29,11.75,14.43,17.23,18.17,18.61,20.97,26.92,35.81,41.57,46.53,59.37,58.53,42.31,34.03,23.1,16.52,12.64,10.8,8.7
HB_PAN,2019-06-29,10.25,10.16,11.76,11.59,12.4,12.76,14.48,15.6,16.67,18.04,19.31,22.67,29.33,36.21,40.88,41.16,46.33,43.13,30.49,26.82,23.98,20.95,14.5,11.8
HB_PAN,2019-06-30,16.88,15.83,15.57,14.98,14.4,13.77,14.92,14.87,15.96,17.45,18.47,21.41,26.28,31.81,37.89,43.0,43.1,35.81,25.48,20.53,16.64,12.98,11.52,10.97
HB_PAN,2019-07-01,7.23,8.85,11.37,12.74,13.67,14.79,17.37,17.11,17.65,18.24,18.82,21.09,24.85,31.64,39.51,41.54,41.62,28.82,20.85,19.17,16.45,9.97,6.69,5.08
HB_PAN,2019-07-02,11.43,13.48,12.96,12.51,13.39,14.69,15.71,15.27,17.49,17.66,18.56,20.71,23.8,29.36,39.01,40.71,41.54,33.47,23.78,21.07,19.37,18.0,18.15,15.75
HB_PAN,2019-07-03,14.13,14.07,13.3,13.05,12.97,13.75,15.31,16.0,17.91,17.02,18.62,21.48,24.07,33.02,37.4,43.59,41.12,27.64,23.82,20.19,15.54,10.88,9.94,9.31
HB_PAN,2019-07-04,5.0,6.06,9.0,10.4,12.46,13.54,14.71,15.28,15.98,16.18,17.62,19.75,25.32,27.93,33.24,39.47,41.86,33.8,24.5,22.44,16.68,10.2,7.88,5.99
HB_PAN,2019-07-05,1.73,5.06,6.46,9.53,11.78,13.02,14.78,15.7,17.57,17.68,18.81,23.01,26.91,32.2,40.83,56.43,56.44,38.47,26.9,23.76,22.53,19.99,17.81,17.23
HB_PAN,2019-07-06,15.38,15.02,13.86,13.52,13.13,13.09,14.65,15.05,17.03,17.63,21.04,27.08,30.6,37.47,46.29,67.55,75.83,53.99,30.45,26.77,23.24,21.95,18.93,18.67
HB_PAN,2019-07-07,17.96,15.98,15.02,14.55,14.01,13.7,14.8,15.0,17.22,18.95,22.54,26.99,34.67,44.04,57.01,63.2,68.44,47.82,39.72,28.92,25.31,24.43,19.55,18.33
HB_PAN,2019-07-08,18.35,16.94,15.5,14.98,14.91,15.48,15.9,16.58,18.4,18.57,23.83,30.55,40.18,49.45,60.01,81.32,79.08,50.4,35.59,26.33,17.27,10.01,7.5,6.05
HB_PAN,2019-07-09,4.0,6.0,8.0,9.36,10.85,13.25,15.81,17.35,18.65,19.22,23.81,30.99,45.92,74.57,149.93,216.12,274.16,149.81,64.12,40.57,30.24,24.52,20.14,18.69
HB_PAN,2019-07-10,15.21,14.48,12.81,12.18,12.33,14.07,16.93,18.09,19.3,21.69,29.05,33.06,47.47,73.73,131.6,199.22,191.62,107.14,52.32,36.32,28.66,26.89,20.55,19.6
HB_PAN,2019-07-11,18.98,18.0,17.01,16.56,16.4,16.81,19.49,19.77,20.6,23.42,28.86,34.68,42.84,64.97,80.06,100.06,113.04,65.06,42.27,33.24,29.71,29.27,23.41,20.83
HB_PAN,2019-07-12,19.41,17.91,16.58,15.95,15.97,16.36,17.8,18.54,19.59,21.42,27.77,34.56,41.77,50.94,76.51,100.46,112.68,61.84,44.95,35.78,27.6,24.33,22.43,20.53
HB_PAN,2019-07-13,19.12,17.91,17.25,16.4,16.38,16.77,18.89,19.63,20.44,22.19,29.4,33.58,41.61,57.03,84.94,118.31,171.87,77.88,43.74,34.74,29.46,27.35,22.0,20.32
HB_PAN,2019-07-14,20.28,19.2,18.19,17.63,17.26,17.19,19.09,19.92,21.28,24.52,29.77,32.51,41.19,53.76,71.81,91.74,94.21,82.4,43.52,36.49,30.08,27.48,20.97,19.96
HB_PAN,2019-07-15,18.81,17.43,16.22,15.9,16.09,16.94,18.81,20.0,20.27,22.06,27.12,31.73,41.18,68.31,108.03,132.96,141.62,77.0,47.29,35.44,28.62,24.8,19.12,19.05
HB_PAN,2019-07-16,13.66,13.78,11.8,12.4,12.55,13.53,16.6,16.78,17.82,18.37,19.94,24.06,26.82,38.13,55.62,72.81,75.51,38.42,28.36,15.0,12.11,10.42,9.74,6.52
HB_PAN,2019-07-17,1.88,0.55,0.5,3.09,4.41,7.22,9.99,11.92,12.93,12.11,11.5,18.38,19.88,27.26,38.07,48.32,50.42,28.21,14.16,11.57,9.49,6.58,4.84,4.61
HB_PAN,2019-07-18,9.61,9.7,9.69,9.59,9.99,10.83,11.25,11.85,12.08,14.46,17.6,19.77,24.77,28.04,36.24,42.31,48.15,29.49,24.14,20.4,17.42,12.18,12.07,9.7
HB_PAN,2019-07-19,10.38,9.07,12.17,11.98,12.36,14.0,13.29,12.45,13.37,14.99,16.52,18.23,23.63,27.69,30.48,35.59,36.65,25.73,18.92,18.97,15.3,14.44,12.26,11.54
HB_PAN,2019-07-20,10.38,9.53,12.02,11.4,11.46,12.01,12.3,13.17,14.02,14.39,16.27,17.42,20.81,22.36,26.12,33.51,35.99,24.38,21.05,19.76,18.44,18.01,15.84,14.33
HB_PAN,2019-07-21,11.0,10.65,13.43,12.79,13.19,13.74,14.42,15.27,16.03,17.71,19.43,20.79,24.65,32.08,47.45,61.5,62.42,56.65,35.5,28.64,26.9,24.09,20.85,19.41
HB_PAN,2019-07-22,17.12,15.87,15.59,14.51,15.0,15.83,16.09,16.96,17.95,19.94,23.92,29.85,37.77,45.5,72.11,93.55,95.01,59.08,39.96,34.1,26.55,23.59,22.0,19.75
HB_PAN,2019-07-23,17.78,16.92,16.02,15.73,15.81,16.8,18.03,18.27,19.16,18.94,20.8,23.55,25.25,28.99,36.19,42.11,49.11,33.41,27.77,24.44,24.23,21.91,19.82,18.75
HB_PAN,2019-07-24,17.96,16.29,15.63,15.0,15.13,15.81,17.93,18.28,19.08,19.16,21.58,23.79,25.16,29.06,32.5,48.83,57.56,45.71,31.19,26.64,21.88,19.42,17.81,16.49
HB_PAN,2019-07-25,14.81,13.97,13.09,12.53,12.33,13.08,14.99,15.58,16.76,17.95,19.21,21.07,24.2,28.06,36.4,42.12,46.77,39.64,27.69,23.16,21.69,18.56,16.31,14.29
HB_PAN,2019-07-26,12.6,10.56,11.59,11.69,10.86,13.55,14.88,15.71,17.05,17.72,19.54,22.96,27.46,33.45,40.99,48.14,52.68,39.89,26.07,23.57,21.99,19.1,17.75,16.84
HB_PAN,2019-07-27,13.18,10.94,12.98,12.32,11.05,12.77,14.09,16.0,18.15,18.45,19.55,23.12,28.56,33.32,39.19,47.28,50.12,31.98,30.47,23.65,21.13,19.21,16.58,15.07
HB_PAN,2019-07-28,15.78,11.91,13.72,12.81,12.48,12.62,14.29,15.11,16.67,17.09,19.09,20.0,24.59,26.21,29.91,43.21,42.95,34.64,30.96,28.94,25.71,23.4,20.89,18.15
HB_PAN,2019-07-29,15.78,14.48,14.89,14.43,14.25,15.21,16.95,17.8,19.23,20.46,23.56,28.76,36.1,47.51,60.0,75.04,88.91,51.5,38.35,30.69,28.14,25.34,21.57,19.48
HB_PAN,2019-07-30,17.57,16.52,15.9,15.46,15.84,16.28,17.99,18.58,19.22,21.24,25.27,30.1,43.74,74.83,84.76,87.0,97.1,69.65,39.17,28.2,24.91,21.3,18.0,15.03
HB_PAN,2019-07-31,10.01,10.15,11.14,12.85,14.54,14.9,17.69,18.31,19.37,20.85,24.86,34.72,51.52,105.26,144.13,185.34,191.95,101.64,42.07,28.43,22.12,16.86,10.83,10.0
HB_PAN,2019-08-01,5.39,4.59,6.9,7.7,10.21,12.08,15.06,16.2,17.74,18.97,24.67,28.74,47.65,116.55,141.9,173.6,163.92,75.7,36.56,23.9,19.71,12.54,8.0,6.17
HB_PAN,2019-08-02,-4.0,-6.16,-6.97,-6.02,-5.41,-5.19,-0.76,3.09,9.95,15.66,21.17,28.0,42.75,133.75,206.32,292.35,299.48,131.54,48.08,37.74,28.22,22.31,17.05,16.24
HB_PAN,2019-08-03,14.84,12.3,12.94,12.96,13.07,13.57,15.16,16.31,18.31,19.75,22.82,26.43,36.72,47.75,56.63,75.07,70.17,48.63,32.31,26.01,23.68,20.59,18.52,16.81
HB_PAN,2019-08-04,15.76,14.72,14.0,13.74,14.1,14.37,16.65,16.45,17.28,18.47,21.77,24.53,33.03,35.79,40.27,50.03,58.04,46.07,35.37,31.11,27.02,24.54,17.64,16.67
HB_PAN,2019-08-05,16.67,15.7,15.03,14.92,15.97,16.61,18.04,18.1,19.14,21.58,27.52,34.23,44.54,97.23,126.26,156.3,168.44,74.99,48.38,35.85,29.37,24.34,19.15,17.06
HB_PAN,2019-08-06,15.33,14.5,13.4,13.98,14.38,16.07,17.6,18.58,19.57,20.49,26.48,34.8,53.93,211.34,295.15,405.26,383.45,220.3,53.8,36.89,28.11,22.47,19.84,17.6
HB_PAN,2019-08-07,14.26,12.95,11.77,12.26,12.18,12.36,13.91,15.08,15.96,17.72,22.12,31.63,54.46,300.07,516.65,1009.65,801.05,416.82,51.5,33.28,23.54,17.73,16.4,13.95
HB_PAN,2019-08-08,9.45,8.31,7.15,8.75,8.14,7.66,4.8,5.39,8.37,10.97,16.55,22.38,31.78,67.17,120.29,192.66,182.17,84.57,34.71,29.16,25.62,19.98,18.09,16.2
HB_PAN,2019-08-09,14.88,13.27,12.55,11.9,11.74,12.38,15.0,15.34,17.31,17.69,21.56,25.87,34.6,84.72,179.62,296.42,299.64,176.66,46.67,33.19,29.49,23.5,19.97,17.88
HB_PAN,2019-08-10,14.62,13.11,12.56,11.99,12.56,13.0,12.99,13.69,15.85,17.32,20.15,28.25,39.1,118.9,149.42,289.73,314.63,143.32,40.85,29.11,23.31,18.01,16.96,13.79
HB_PAN,2019-08-11,12.69,12.0,10.45,12.26,12.37,12.3,10.8,12.62,13.94,16.02,18.39,24.56,34.72,140.89,254.47,398.75,416.58,184.16,51.26,32.93,28.06,19.59,16.89,15.37
HB_PAN,2019-08-12,13.24,12.0,10.28,8.88,12.5,10.45,12.6,13.63,15.21,16.58,18.51,26.03,43.39,256.0,486.49,946.73,946.13,435.39,55.64,36.83,29.52,19.84,18.46,16.31
HB_PAN,2019-08-13,14.62,13.42,12.05,11.94,12.76,13.98,15.9,16.69,18.65,19.2,24.68,36.79,130.02,857.1,1508.87,2601.47,2703.87,1336.04,190.96,47.15,32.36,25.92,21.28,18.37
HB_PAN,2019-08-14,17.51,16.57,15.54,15.07,15.54,16.54,18.6,19.21,20.71,21.59,27.83,37.63,138.24,300.04,930.94,1387.46,1339.56,655.25,96.85,42.93,35.8,26.69,21.22,17.91
HB_PAN,2019-08-15,17.82,16.86,16.1,16.28,16.19,16.65,17.72,18.06,19.39,20.78,27.01,41.31,75.0,268.4,803.68,1759.69,1759.74,431.85,65.29,35.81,26.95,21.99,18.39,17.17
HB_PAN,2019-08-16,13.61,11.77,10.02,12.93,12.97,11.42,13.93,16.41,18.71,19.05,23.85,28.22,73.89,780.92,2501.92,3352.55,3496.49,1572.64,135.15,30.69,26.2,20.31,17.38,14.08
HB_PAN,2019-08-17,9.92,8.07,6.39,9.35,8.64,9.12,7.81,10.21,13.49,15.72,18.36,22.25,29.6,47.56,144.58,403.24,700.37,184.44,41.79,28.35,23.51,16.41,14.16,12.1
HB_PAN,2019-08-18,9.46,7.62,6.33,9.42,8.21,8.26,10.77,8.84,12.56,14.39,17.74,21.2,28.57,36.49,73.43,211.99,554.79,154.73,44.39,31.44,27.97,21.03,16.75,14.48
HB_PAN,2019-08-19,11.86,10.04,8.52,11.87,11.99,11.2,13.37,13.92,16.38,18.07,20.99,25.59,35.35,114.7,735.54,1350.96,1496.7,399.78,39.0,28.03,25.54,18.24,16.24,13.49
HB_PAN,2019-08-20,9.58,7.67,7.59,10.3,10.76,12.57,14.42,15.92,17.9,19.3,24.89,29.37,48.03,275.5,1268.85,2137.54,1862.4,542.13,52.66,38.24,28.59,25.21,19.42,16.8
HB_PAN,2019-08-21,13.6,12.63,12.0,11.76,12.01,13.06,15.81,17.18,19.11,20.07,26.03,34.39,49.95,419.42,1998.11,3199.19,2506.15,694.15,75.16,44.21,30.32,25.93,19.99,17.72
HB_PAN,2019-08-22,13.56,12.48,13.93,13.08,12.09,13.36,15.69,16.37,18.49,18.98,23.5,27.02,35.21,70.79,175.0,432.74,465.98,125.23,39.66,31.96,27.84,23.77,18.98,17.08
HB_PAN,2019-08-23,12.62,11.52,13.73,13.19,12.87,14.34,17.2,18.91,19.44,19.71,24.2,28.35,36.02,55.02,86.0,193.65,166.92,52.47,30.98,27.52,22.57,18.2,14.52,12.76
HB_PAN,2019-08-24,15.34,14.0,14.26,14.95,14.65,14.93,16.47,16.72,18.58,19.98,22.52,25.56,31.34,39.83,50.0,121.6,131.28,53.96,32.47,23.41,15.21,4.72,3.19,1.97
HB_PAN,2019-08-25,-0.44,-0.44,0.0,0.05,3.01,5.97,9.7,11.8,15.22,16.53,20.09,24.65,33.28,45.02,54.1,170.22,180.09,120.43,49.94,36.38,26.45,18.06,14.97,11.15
HB_PAN,2019-08-26,2.0,2.0,4.11,10.24,10.99,10.91,13.1,14.99,16.64,18.21,22.27,27.0,38.01,200.92,1291.12,3497.75,2576.33,1404.91,143.06,26.78,15.4,5.65,1.22,-0.02
HB_PAN,2019-08-27,-9.99,-9.54,-8.9,-8.25,-3.96,1.65,9.3,13.54,16.89,19.44,20.93,25.65,32.47,50.99,99.86,211.75,236.67,85.37,35.81,29.53,25.14,23.65,18.64,16.91
HB_PAN,2019-08-28,16.68,15.19,14.8,14.3,14.3,15.48,17.4,17.61,18.43,19.99,21.01,25.97,29.94,39.07,61.5,113.46,120.65,45.56,31.98,29.3,27.01,21.51,18.23,13.46
HB_PAN,2019-08-29,14.88,13.17,14.79,14.32,14.46,14.39,16.2,16.88,17.49,19.31,20.59,25.66,36.03,50.38,100.99,190.89,212.96,69.93,35.44,28.01,23.52,14.68,11.24,10.0
HB_PAN,2019-08-30,-1.67,-1.11,1.57,6.32,9.12,8.38,11.87,13.55,15.98,18.57,20.58,27.41,35.36,60.03,92.1,173.03,143.62,49.16,29.56,26.65,19.75,15.5,12.66,10.72
HB_PAN,2019-08-31,14.17,12.97,13.12,13.19,13.63,14.48,15.05,15.67,18.11,19.49,22.04,29.41,46.95,73.22,92.83,125.5,121.21,65.58,39.89,34.46,25.65,21.44,18.57,17.29
HB_PAN,2019-09-01,13.26,13.76,13.34,13.78,13.62,13.55,14.82,15.92,17.53,18.96,21.26,26.81,36.59,40.58,61.03,105.73,121.56,69.12,39.78,31.8,27.3,20.0,16.0,14.71
HB_PAN,2019-09-02,14.48,15.96,15.15,14.85,14.95,14.93,15.38,15.59,18.05,20.66,26.61,30.79,40.53,50.44,96.65,157.7,181.9,90.31,44.49,37.19,25.59,18.82,14.7,13.5
HB_PAN,2019-09-03,7.62,8.93,9.88,12.9,13.16,13.86,17.52,18.66,21.22,22.95,28.04,34.7,48.44,103.26,250.33,393.62,524.62,219.12,49.51,41.17,35.85,22.26,19.24,16.06
HB_PAN,2019-09-04,13.27,14.28,14.14,14.02,14.31,14.93,17.74,17.9,19.83,21.97,26.86,31.69,44.2,80.36,232.86,559.87,665.97,200.0,56.56,44.0,32.48,20.62,16.83,14.24
HB_PAN,2019-09-05,13.48,12.66,12.18,12.58,12.93,13.77,15.96,16.74,18.73,21.31,25.93,30.49,61.84,499.39,2574.35,4264.11,5010.1,2491.81,423.8,54.23,38.78,24.26,17.22,14.1
HB_PAN,2019-09-06,13.27,11.94,8.96,7.24,8.68,11.43,14.65,16.11,18.1,19.68,25.12,30.49,49.12,440.9,2018.96,4001.24,4491.42,2012.19,313.49,45.83,34.23,25.29,19.42,16.75
HB_PAN,2019-09-07,10.05,12.92,11.79,10.56,12.98,12.07,13.41,14.93,18.32,20.81,24.35,28.61,35.3,39.09,62.65,105.12,97.43,46.83,28.28,25.39,20.26,15.09,8.02,2.83
HB_PAN,2019-09-08,1.99,1.02,1.0,2.38,2.04,8.81,13.0,11.91,14.4,15.3,16.39,15.88,17.97,27.0,27.78,39.47,42.67,33.45,21.39,16.69,16.38,12.6,11.2,8.08
HB_PAN,2019-09-09,4.73,8.55,4.51,4.05,1.36,2.52,4.18,4.58,4.79,5.44,8.81,10.2,17.0,20.87,29.87,34.73,36.92,22.85,15.81,16.41,15.55,10.47,7.49,3.72
HB_PAN,2019-09-10,2.03,8.93,8.86,10.06,10.13,5.05,13.0,12.12,13.44,12.77,12.2,11.7,11.23,15.72,29.02,21.98,20.19,19.51,14.89,13.53,12.46,12.18,10.29,7.37
HB_PAN,2019-09-11,8.95,8.15,12.14,12.0,12.05,10.0,9.81,6.76,6.53,2.03,2.46,3.84,5.32,10.28,13.12,18.76,15.05,5.72,6.0,5.19,1.24,-1.84,-1.59,-3.8
HB_PAN,2019-09-12,-7.51,-6.76,-4.72,-1.59,4.46,9.59,13.45,15.55,16.7,19.75,20.82,25.62,32.0,43.55,49.52,75.3,88.97,53.76,41.8,36.59,32.12,25.53,21.84,20.84
HB_PAN,2019-09-13,17.2,16.41,16.04,16.09,15.87,16.82,19.97,20.15,22.68,22.7,27.41,33.82,37.99,52.67,76.16,123.82,125.48,47.91,37.92,33.97,30.46,25.13,21.11,18.04
HB_PAN,2019-09-14,18.64,16.76,16.8,16.26,15.67,16.05,17.3,17.93,19.59,22.78,24.77,33.69,41.14,50.67,57.05,83.52,94.42,60.23,42.4,33.77,28.13,21.66,18.17,15.16
HB_PAN,2019-09-15,15.94,14.61,14.6,14.82,14.5,15.03,15.98,16.93,18.62,21.32,24.83,32.35,39.97,45.45,64.29,85.8,106.3,58.4,42.41,30.57,29.08,25.58,20.88,19.0
HB_PAN,2019-09-16,14.91,12.72,14.57,14.59,14.95,16.21,19.0,19.13,20.45,21.99,25.3,31.29,32.68,42.26,58.78,89.54,97.92,45.35,28.81,23.77,21.08,12.62,8.93,7.84
HB_PAN,2019-09-17,5.12,6.63,8.0,8.0,10.39,10.69,17.14,17.42,19.08,22.54,22.65,26.97,33.0,38.05,41.34,57.15,59.16,32.2,24.64,23.34,9.98,9.24,2.22,0.0
HB_PAN,2019-09-18,0.0,2.26,1.72,6.4,8.59,12.67,16.28,17.62,20.17,21.87,25.01,29.14,33.28,38.87,46.81,56.22,58.6,39.2,31.69,26.19,21.57,11.05,7.78,2.66
HB_PAN,2019-09-19,4.98,5.25,9.17,12.36,16.41,17.36,19.99,20.98,21.05,22.01,24.63,28.97,32.09,45.43,40.44,40.04,38.82,31.78,24.83,22.81,22.73,18.42,18.39,15.98
HB_PAN,2019-09-20,7.38,10.01,11.57,13.3,16.02,17.3,20.82,20.88,20.69,20.84,22.66,24.79,26.64,36.13,32.25,33.84,37.28,28.05,19.94,17.43,9.8,9.22,4.5,-0.72
HB_PAN,2019-09-21,-8.35,-7.76,-9.97,-8.45,-7.46,-8.39,-2.76,-4.93,-4.07,-5.88,-3.31,-0.32,0.62,3.5,4.76,6.59,8.81,18.72,0.14,-0.09,-0.26,-1.3,-3.15,-5.52
HB_PAN,2019-09-22,-0.22,1.93,1.99,4.41,2.27,2.05,5.1,8.52,10.19,13.17,16.54,20.79,26.52,36.2,47.65,72.36,80.03,57.66,44.67,38.25,32.41,29.22,24.36,20.01
HB_PAN,2019-09-23,17.39,16.3,15.64,15.4,15.87,17.15,21.26,22.14,22.76,24.57,29.5,36.6,56.6,159.07,155.45,166.62,127.37,75.15,49.94,39.91,25.44,18.86,19.12,16.64
HB_PAN,2019-09-24,14.89,18.16,17.4,16.56,16.42,17.29,21.43,20.88,22.06,24.96,27.36,30.8,42.59,173.44,212.26,349.32,357.04,151.49,47.26,34.89,20.66,11.17,6.88,5.53
HB_PAN,2019-09-25,1.96,4.92,6.94,8.88,9.45,6.97,13.08,17.02,19.5,21.11,23.7,27.31,37.27,133.57,248.18,506.46,964.78,171.05,47.76,41.8,20.09,3.62,1.99,1.94
HB_PAN,2019-09-26,9.71,10.58,12.57,10.11,11.75,12.9,18.34,19.82,22.05,23.53,28.35,38.01,58.79,252.63,517.02,1201.42,1339.12,151.54,48.2,30.06,6.14,1.98,-7.6,-9.79
HB_PAN,2019-09-27,-10.03,-11.5,-12.41,-11.31,-11.53,-8.12,-2.1,0.14,9.5,14.94,17.63,17.11,16.91,23.82,64.68,78.37,84.38,25.04,20.27,11.67,4.38,2.92,1.99,0.04
HB_PAN,2019-09-28,-10.12,-11.28,-11.28,-10.01,-3.25,0.44,9.44,11.37,17.26,19.14,19.48,19.28,18.14,20.57,21.9,25.67,16.51,12.52,14.72,2.77,-0.82,-5.39,-7.53,-8.82
HB_PAN,2019-09-29,-14.24,-11.54,-10.41,-10.01,-10.01,-10.01,-10.0,-10.0,-10.01,-10.02,-12.02,-12.02,-12.55,-11.8,-6.67,-3.34,0.16,-1.65,-9.97,-9.34,-9.99,-11.18,-12.3,-12.02
HB_PAN,2019-09-30,-13.17,-14.13,-14.97,-13.49,-12.68,-12.37,-8.2,-9.39,-8.86,-10.01,-10.02,-10.01,-10.0,-9.14,-5.22,2.01,0.01,-1.41,-4.97,-4.99,-5.21,-8.95,-12.26,-13.0
HB_PAN,2019-10-01,-12.75,-14.77,-15.51,-15.05,-17.51,-15.07,-14.32,-13.69,-9.72,-9.65,-6.49,-6.83,-7.97,-7.22,-3.5,24.15,27.13,26.36,17.34,20.85,10.17,3.76,2.17,8.58
HB_PAN,2019-10-02,2.06,8.38,1.91,0.0,0.31,-1.81,3.58,3.42,3.31,4.89,8.25,16.11,36.02,96.0,191.68,541.97,843.05,351.84,74.88,49.35,38.66,28.47,23.32,18.83
HB_PAN,2019-10-03,14.8,15.02,14.46,13.9,14.58,15.53,17.05,18.05,20.11,20.88,28.85,42.05,57.2,110.12,196.98,419.05,542.86,187.93,42.6,43.48,31.19,20.72,18.62,16.26
HB_PAN,2019-10-04,17.99,16.77,15.65,15.09,15.58,17.2,20.69,20.45,20.98,23.1,26.93,29.87,38.7,48.62,61.06,131.74,115.59,46.56,29.38,26.14,17.75,11.74,7.13,3.38
HB_PAN,2019-10-05,6.03,5.84,5.96,6.17,7.22,8.71,9.85,12.48,16.0,20.51,24.12,32.87,35.91,53.68,103.04,319.7,401.88,251.1,47.3,48.22,31.17,17.16,14.87,14.21
HB_PAN,2019-10-06,16.11,16.31,16.13,15.53,16.24,16.77,16.8,17.41,19.53,22.04,25.39,31.8,40.0,50.91,97.94,101.46,71.39,10.36,-0.16,-2.23,-6.8,-6.45,-2.09,1.65
HB_PAN,2019-10-07,5.77,7.13,8.99,9.31,9.66,10.3,12.51,12.93,14.22,15.36,15.43,18.47,21.81,25.87,31.58,37.04,38.97,38.55,29.93,27.14,19.35,11.12,10.66,5.72
HB_PAN,2019-10-08,0.51,-1.11,-2.97,-4.09,-2.72,-0.63,0.43,1.3,3.97,3.98,-0.06,-5.67,-7.08,-8.13,-10.05,-8.15,-7.05,-7.07,-7.69,-13.7,-14.62,-15.51,-17.62,-18.58
HB_PAN,2019-10-09,-19.02,-20.16,-20.69,-19.2,-17.26,-15.06,-10.11,-9.93,-8.9,-5.87,-8.32,-7.03,-5.72,-1.17,-1.41,2.65,9.5,3.98,1.24,2.99,-5.16,-7.04,-15.36,-15.43
HB_PAN,2019-10-10,-6.14,-7.28,-8.48,-8.63,-8.91,-8.42,-3.0,0.42,2.02,3.48,5.42,9.99,16.15,26.51,52.91,196.43,199.84,70.64,16.67,8.1,-5.24,-11.6,-12.16,-13.12
HB_PAN,2019-10-11,-14.52,-15.18,-15.1,-15.67,-13.13,-10.4,-8.64,-4.89,1.94,2.59,3.12,3.26,5.77,7.91,11.04,15.42,17.53,18.62,21.23,21.34,19.28,19.44,18.73,17.34
HB_PAN,2019-10-12,16.34,13.45,12.13,8.91,8.49,5.82,2.93,5.26,5.06,8.56,9.04,6.43,-0.82,-1.0,-1.81,0.22,1.02,6.57,9.4,6.69,3.58,-0.17,-7.03,-2.58
HB_PAN,2019-10-13,-5.95,-5.37,-5.31,-4.52,0.94,2.82,10.68,14.48,15.48,18.08,19.23,20.98,22.05,24.71,27.73,33.43,34.17,30.06,24.95,24.59,18.96,15.5,11.11,7.27
HB_PAN,2019-10-14,7.43,6.39,5.66,7.33,8.32,10.16,12.59,14.79,16.15,16.9,18.53,19.8,22.55,24.2,29.02,40.44,44.58,26.42,21.1,8.38,6.64,0.56,-2.7,-3.58
HB_PAN,2019-10-15,-7.03,-4.34,-5.93,-3.27,-1.06,5.51,9.6,9.25,14.47,8.38,8.37,8.48,15.21,21.71,27.01,53.38,54.41,20.13,14.88,10.45,6.91,5.72,5.04,3.4
HB_PAN,2019-10-16,4.61,6.05,7.49,9.26,10.71,13.67,17.57,18.47,19.59,20.41,19.17,20.81,22.99,20.81,21.58,22.36,22.02,20.66,21.36,20.1,14.34,10.57,10.12,9.51
HB_PAN,2019-10-17,-4.9,-5.01,-5.0,-4.04,-1.75,2.09,0.69,5.27,3.88,8.94,12.12,11.01,10.56,9.79,9.51,9.14,7.41,5.79,1.92,-1.72,-9.21,-11.28,-12.15,-14.04
HB_PAN,2019-10-18,-5.1,-6.36,-6.7,-6.29,-5.21,-3.45,3.75,4.6,7.95,10.17,10.74,11.99,9.83,9.15,8.89,8.34,10.46,11.83,8.96,7.69,4.62,2.57,1.33,0.82
HB_PAN,2019-10-19,-0.36,-1.73,-1.72,-1.2,0.11,2.94,4.98,6.16,9.37,10.74,15.26,18.79,28.13,33.71,53.27,106.88,127.08,71.88,57.3,34.92,26.59,23.88,18.79,15.98
HB_PAN,2019-10-20,8.82,8.6,7.81,3.18,0.64,-0.69,1.81,3.92,7.65,7.55,6.24,8.37,7.88,8.51,8.18,11.99,19.9,23.28,24.14,25.77,11.98,7.84,5.36,4.34
HB_PAN,2019-10-21,1.99,5.5,8.4,13.44,16.51,17.74,22.3,27.29,22.31,23.26,26.48,25.77,27.35,35.35,34.08,35.19,37.0,27.56,27.49,27.98,25.04,21.34,17.88,16.68
HB_PAN,2019-10-22,19.16,16.53,16.14,15.4,16.02,19.13,21.52,21.75,19.52,18.77,19.42,19.98,20.55,20.83,27.0,29.5,30.61,24.93,21.25,20.23,16.16,10.18,4.63,1.59
HB_PAN,2019-10-23,-3.64,-5.01,-4.96,-4.88,-4.2,-2.81,3.0,1.58,4.13,4.01,6.68,8.65,11.34,12.9,15.7,22.78,17.34,17.07,15.3,13.37,8.94,2.99,2.3,0.81
HB_PAN,2019-10-24,-4.69,-5.3,-6.24,-5.07,-5.09,-1.92,3.1,-2.35,-5.0,-4.0,-6.68,-6.45,-7.37,-5.8,-6.12,-4.74,-4.7,-3.79,-1.54,-0.82,-0.19,-0.66,-0.25,-1.46
HB_PAN,2019-10-25,-0.91,-1.81,-1.89,-2.24,-1.48,-0.89,4.25,5.83,5.88,3.84,3.6,4.28,3.33,6.17,9.99,11.99,18.49,20.3,29.29,34.37,28.91,25.61,24.36,21.08
HB_PAN,2019-10-26,19.18,17.28,17.7,16.88,16.27,17.57,20.78,22.95,26.09,27.72,29.09,27.34,24.23,22.35,23.39,21.61,21.5,21.19,18.95,12.71,5.58,0.81,-0.31,-1.92
HB_PAN,2019-10-27,-6.06,-6.89,-6.94,-5.43,-5.15,-4.93,-2.94,-0.56,3.46,4.31,7.62,10.03,10.86,16.03,15.57,22.18,23.02,23.4,20.78,17.19,13.57,6.89,5.75,5.48
HB_PAN,2019-10-28,0.02,0.75,1.33,6.29,10.47,11.1,14.11,15.49,17.17,17.29,19.07,18.35,20.32,24.4,35.74,49.22,47.29,24.63,21.31,14.96,14.89,8.99,8.68,9.48
HB_PAN,2019-10-29,19.75,19.92,20.18,17.27,18.2,21.47,26.02,24.97,23.75,21.72,25.12,25.05,27.5,31.82,30.2,32.41,31.55,24.01,26.38,28.58,20.21,17.65,18.62,15.22
HB_PAN,2019-10-30,17.01,4.35,2.77,2.01,3.12,5.02,2.0,2.01,2.01,5.75,1.92,-5.97,-9.17,-10.02,-10.31,-9.29,-8.05,-8.97,0.08,2.08,1.99,7.21,9.73,8.47
HB_PAN,2019-10-31,25.81,25.08,23.87,16.81,20.4,29.42,78.35,74.79,35.63,37.08,42.29,26.46,28.0,28.81,25.5,26.43,27.39,31.33,49.27,46.25,13.31,0.08,-6.94,-8.91
HB_PAN,2019-11-01,-13.02,-14.95,-14.95,-14.96,-12.12,-9.9,0.16,3.15,2.0,4.15,4.46,4.21,-1.43,-4.3,-7.77,-7.99,-7.99,-7.29,-5.9,-7.02,-9.36,-6.99,-8.12,-10.07
HB_PAN,2019-11-02,-11.69,-14.61,-9.99,0.56,5.51,17.63,24.1,29.51,33.55,50.6,37.89,30.44,27.7,24.85,23.76,22.26,22.33,19.0,25.77,25.7,-3.23,-12.12,-15.0,-16.51
HB_PAN,2019-11-03,-17.51,-19.0,-23.21,-22.61,-21.67,-20.0,-16.83,-7.26,-0.43,6.22,14.66,13.8,16.26,17.57,17.6,18.98,19.52,25.07,25.94,20.6,17.0,15.48,11.77,13.9
HB_PAN,2019-11-04,8.26,8.81,8.78,8.91,13.38,15.74,15.82,24.86,25.92,25.4,27.36,25.85,27.02,31.49,34.44,30.64,33.73,31.42,29.64,23.24,17.94,15.29,12.58,13.95
HB_PAN,2019-11-05,2.9,5.06,13.6,15.77,17.14,19.69,28.36,30.63,29.02,30.07,34.57,34.94,41.34,43.9,37.95,33.85,36.47,38.03,29.76,11.7,9.97,0.01,2.49,0.0
HB_PAN,2019-11-06,15.47,13.6,13.38,12.61,14.55,19.53,26.87,23.11,24.75,23.76,22.1,15.76,19.04,19.41,21.01,21.3,26.36,38.27,29.29,20.16,18.8,18.87,15.38,15.75
HB_PAN,2019-11-07,-9.09,-16.1,-25.09,-26.13,-24.35,-23.57,-25.29,-29.98,-22.88,-22.63,-22.24,-20.01,-18.94,-5.61,4.91,12.69,14.78,44.48,32.39,27.93,26.92,26.93,20.98,20.42
HB_PAN,2019-11-08,19.21,19.68,19.17,19.3,22.65,29.75,49.3,52.66,45.09,49.33,36.19,32.87,28.81,26.68,23.37,24.8,31.66,56.43,57.21,39.47,24.45,25.02,15.19,17.83
HB_PAN,2019-11-09,10.89,7.58,8.28,9.95,11.02,13.73,26.85,36.0,54.06,63.14,38.37,33.28,27.84,27.23,22.73,23.47,23.11,27.91,10.7,8.41,-9.55,-11.86,-16.16,-18.99
HB_PAN,2019-11-10,-19.0,-19.0,-19.1,-19.0,-19.0,-15.0,-11.33,-8.8,6.42,21.98,23.22,21.22,21.28,19.66,18.39,18.62,20.76,28.65,20.73,17.23,11.66,10.79,5.63,4.17
HB_PAN,2019-11-11,-6.36,-15.0,-19.0,-19.81,-19.0,-19.0,-17.61,-19.0,-19.0,-19.01,-19.95,-20.01,-20.01,-19.95,-19.58,-19.25,-19.11,-17.01,-14.96,-2.88,-1.71,3.65,3.8,6.58
HB_PAN,2019-11-12,16.14,16.44,17.41,18.57,20.26,40.28,211.43,186.61,99.64,64.38,50.71,42.55,30.01,24.52,17.42,11.3,20.49,60.19,75.07,41.94,9.52,-12.2,-14.96,-17.63
HB_PAN,2019-11-13,-19.21,-19.94,-19.09,-19.48,-19.0,-18.59,50.48,32.48,9.02,15.33,19.89,17.96,20.07,18.76,19.88,21.28,22.26,32.32,43.99,30.2,25.49,13.84,10.33,-0.9
HB_PAN,2019-11-14,-2.73,3.58,9.33,11.19,15.1,20.48,34.34,30.79,26.15,24.23,22.53,20.53,20.0,19.71,18.75,20.28,21.12,49.62,46.14,40.11,30.99,27.42,26.37,23.23
HB_PAN,2019-11-15,19.68,18.6,14.12,10.41,14.02,22.99,95.39,66.91,20.54,13.19,9.68,-5.0,-6.42,-10.24,-15.0,-15.01,-14.97,-11.2,-16.25,-18.11,-22.0,-22.69,-22.0,-22.06
HB_PAN,2019-11-16,-20.0,-20.0,-20.0,-19.14,-18.58,-19.0,-4.0,2.45,8.92,17.43,16.91,18.48,14.98,11.11,6.56,5.12,4.16,3.43,3.28,2.65,4.37,4.28,4.58,4.77
HB_PAN,2019-11-17,2.35,-6.99,-20.82,-21.65,-21.18,-19.09,-19.0,-14.17,-9.98,-8.67,4.13,11.46,17.2,19.36,19.88,21.87,24.44,57.76,39.97,37.18,32.78,27.58,20.13,10.28
HB_PAN,2019-11-18,11.51,-7.2,-17.02,-17.02,-17.01,-11.77,2.29,17.18,17.42,21.15,25.37,22.7,23.23,24.54,24.03,26.22,30.39,48.6,45.48,33.59,30.74,27.92,22.66,21.3
HB_PAN,2019-11-19,19.53,17.74,16.27,15.4,11.35,16.82,37.89,10.74,9.71,5.65,-0.2,-20.01,-22.0,-22.0,-22.01,-22.72,-22.23,-21.98,-25.15,-24.94,-27.53,-24.9,-24.2,-26.79
HB_PAN,2019-11-20,-24.39,-25.71,-25.74,-24.51,-22.08,-19.0,-19.04,-20.13,-20.09,-21.79,-22.0,-22.0,-21.38,-21.3,-20.01,-22.0,-21.96,-19.02,-22.0,-22.0,-21.69,-22.0,-20.31,-22.0
HB_PAN,2019-11-21,-16.36,-15.82,4.31,8.36,9.65,14.72,20.0,17.4,17.09,16.15,19.22,19.53,19.78,16.54,16.37,17.1,21.26,34.15,27.63,19.56,13.42,13.34,18.06,13.83
HB_PAN,2019-11-22,13.21,10.23,11.06,13.73,13.43,18.65,24.17,22.6,20.86,21.9,23.86,23.37,23.67,23.98,23.02,23.05,26.86,49.69,45.66,29.37,29.13,24.68,20.63,20.25
HB_PAN,2019-11-23,20.81,19.79,17.97,17.88,18.59,18.51,21.59,25.35,31.19,26.38,19.47,16.32,13.62,13.19,15.15,17.61,21.86,39.2,37.32,29.19,24.12,21.53,19.81,18.93
HB_PAN,2019-11-24,20.4,19.36,16.82,16.7,16.79,14.37,18.91,19.99,22.08,24.67,20.76,18.14,17.06,15.36,17.55,14.19,17.27,27.29,19.51,16.72,15.14,12.31,7.22,5.66
HB_PAN,2019-11-25,1.97,1.92,1.99,2.0,2.0,13.55,6.03,10.14,12.24,15.2,16.09,17.13,17.81,17.92,19.24,18.99,25.86,45.85,18.78,18.12,18.61,17.2,12.94,5.86
HB_PAN,2019-11-26,-1.12,-1.96,-2.7,-3.61,-3.14,-6.59,0.06,-1.44,-4.2,-4.93,-1.99,-0.46,-0.37,0.58,-0.23,0.05,-0.98,14.14,1.98,2.13,2.68,8.62,11.18,10.1
HB_PAN,2019-11-27,16.44,13.41,13.4,14.76,16.88,19.13,20.97,22.01,22.11,21.09,20.92,21.08,21.36,19.44,19.5,19.24,19.57,40.78,36.44,24.99,25.42,24.65,22.37,22.0
HB_PAN,2019-11-28,20.86,20.91,17.81,17.73,18.82,18.11,19.03,20.22,23.74,35.59,28.26,27.9,22.11,20.0,20.51,20.55,20.63,31.55,30.08,22.21,20.2,22.42,19.23,18.56
HB_PAN,2019-11-29,20.67,19.64,18.9,18.32,18.99,18.68,22.43,19.65,23.26,19.78,18.31,16.64,14.0,10.26,8.45,6.55,6.48,3.01,2.02,2.01,1.85,2.94,-1.96,-4.07
HB_PAN,2019-11-30,2.78,0.54,0.89,1.2,1.9,-0.01,2.93,3.68,3.35,3.3,3.2,2.05,2.01,2.0,1.99,9.11,10.26,25.28,12.76,9.97,9.99,7.37,8.01,8.75
HB_PAN,2019-12-01,13.75,14.79,16.09,15.94,17.53,17.55,18.47,20.54,24.06,20.42,20.58,19.88,18.45,17.55,17.57,17.3,22.0,44.18,34.58,31.34,30.43,28.36,23.04,22.58
HB_PAN,2019-12-02,18.51,16.52,16.0,17.96,19.8,28.45,60.3,53.58,30.86,18.59,12.55,9.91,9.83,9.4,-4.97,-9.69,-7.49,-0.5,-14.14,-18.99,-19.01,-18.06,-19.0,-19.02
HB_PAN,2019-12-03,-20.03,-20.91,-20.03,-19.0,-5.67,2.78,20.12,19.31,16.06,18.54,19.17,18.48,18.28,18.25,18.18,18.48,19.69,40.69,30.83,26.63,21.61,18.85,18.25,17.6
HB_PAN,2019-12-04,17.02,16.54,16.11,16.24,16.92,15.83,46.0,33.87,9.8,7.95,6.77,3.22,-3.17,-8.18,-16.04,-11.05,-10.0,-12.02,-19.96,-19.0,-19.69,-20.81,-19.98,-22.05
HB_PAN,2019-12-05,-22.01,-22.0,-20.85,-20.01,-19.0,-19.0,-19.0,-19.0,-19.0,-14.32,-8.86,-19.0,-19.03,-19.02,-19.03,-19.02,-19.0,-18.99,-19.0,-19.0,-20.01,-22.01,-20.85,-22.0
HB_PAN,2019-12-06,-19.42,-20.73,-20.69,-17.97,-9.98,-6.99,3.33,5.47,8.56,17.63,18.35,20.3,22.37,23.24,22.89,22.09,28.43,45.79,38.8,27.49,21.75,22.39,20.87,18.2
HB_PAN,2019-12-07,16.88,15.7,15.42,15.26,11.71,13.34,15.28,16.48,16.37,17.05,10.0,3.93,-9.21,-18.9,-19.0,-19.69,-19.0,-19.01,-19.01,-20.03,-20.88,-22.21,-22.72,-21.77
HB_PAN,2019-12-08,-23.83,-26.12,-22.24,-22.01,-20.36,-21.29,-19.45,-19.0,-13.11,-11.87,-7.0,-8.35,-12.69,-14.55,-18.99,-19.0,-19.0,-18.04,-19.0,-19.0,-19.0,-19.0,-22.05,-20.9
HB_PAN,2019-12-09,-25.88,-25.57,-23.79,-22.29,-20.0,-20.86,-24.41,-22.35,-20.01,-19.0,-15.0,-12.2,-7.0,-3.75,0.0,-1.28,0.02,13.82,16.01,19.26,15.9,18.79,17.36,16.54
HB_PAN,2019-12-10,15.55,14.34,16.62,17.32,18.26,20.69,29.25,25.57,25.11,24.86,25.82,23.46,22.56,20.82,19.72,20.75,22.85,45.24,42.44,32.61,20.39,14.05,12.97,9.99
HB_PAN,2019-12-11,-0.12,-2.99,-3.81,-4.87,-3.15,0.02,19.76,5.39,0.07,3.86,2.59,-10.01,-14.35,-20.15,-25.32,-26.55,-25.71,-22.01,-21.12,-22.5,-23.55,-24.5,-26.52,-27.84
HB_PAN,2019-12-12,-20.35,-21.0,-19.47,-19.05,-19.0,-8.42,14.89,13.74,16.98,20.84,19.4,19.14,18.47,19.29,19.17,18.25,21.84,36.6,32.44,24.82,21.6,18.82,18.17,16.6
HB_PAN,2019-12-13,16.7,14.67,15.06,14.7,14.09,13.53,16.42,9.16,5.78,8.28,9.56,14.3,15.77,15.6,15.27,16.72,17.75,31.85,33.0,27.54,20.02,18.53,18.49,17.78
HB_PAN,2019-12-14,15.4,14.05,14.72,14.43,15.5,17.09,19.26,24.22,27.76,23.57,20.46,17.01,12.39,7.47,5.18,1.02,1.77,6.1,5.63,2.85,-1.1,-1.57,-0.12,-1.84
HB_PAN,2019-12-15,4.18,5.93,6.35,8.41,9.64,11.97,15.17,16.67,15.46,17.28,16.91,18.49,17.35,17.16,16.89,17.87,17.42,18.33,14.25,12.52,12.11,16.32,14.01,14.31
HB_PAN,2019-12-16,14.42,13.87,14.52,15.07,15.48,17.4,26.47,20.93,19.56,19.16,15.66,10.84,3.88,4.03,8.23,12.72,14.77,19.82,19.52,19.28,18.78,17.59,16.8,14.5
HB_PAN,2019-12-17,17.6,16.33,16.02,16.64,17.57,21.48,53.97,35.23,24.26,22.23,19.56,18.19,16.92,15.3,15.14,14.69,16.21,27.48,39.29,34.91,34.61,28.05,19.86,20.01
HB_PAN,2019-12-18,17.27,15.04,15.04,15.12,17.5,19.65,51.27,45.74,21.24,22.34,20.95,18.71,16.96,16.86,15.78,15.79,17.28,23.06,29.44,20.58,0.02,-16.1,-14.99,-14.98
HB_PAN,2019-12-19,-19.04,-19.04,-19.05,-19.05,-19.04,-16.75,3.59,-9.36,-11.77,0.94,-0.35,1.46,1.8,-4.22,-10.0,-15.0,-15.93,-14.98,-17.34,-18.05,-17.57,-17.96,-19.0,-19.0
HB_PAN,2019-12-20,-20.94,-21.0,-15.0,-2.77,16.35,16.82,20.15,18.83,17.44,16.86,16.19,16.16,14.94,15.45,14.4,16.05,19.46,31.32,25.98,21.68,21.18,19.81,18.97,18.26
HB_PAN,2019-12-21,17.03,15.05,14.37,14.92,14.39,15.66,17.0,18.98,19.87,23.78,20.02,20.24,18.72,16.63,15.95,15.65,18.43,33.27,29.93,26.79,23.98,20.29,17.86,16.21
HB_PAN,2019-12-22,16.84,14.7,14.34,15.51,16.79,19.9,26.01,25.04,27.71,27.06,20.64,19.02,17.37,16.42,15.55,15.49,15.18,18.52,8.31,6.81,-6.26,-0.17,-12.99,-9.48
HB_PAN,2019-12-23,-15.85,-15.01,-14.98,-4.73,5.39,7.5,11.05,10.31,10.84,11.44,13.48,16.03,16.68,11.61,10.42,8.68,6.91,5.6,2.77,-8.7,-12.18,-18.99,-14.99,-15.49
HB_PAN,2019-12-24,1.45,0.0,1.08,1.96,1.99,2.96,4.61,6.78,9.39,13.24,17.56,15.73,14.19,16.09,13.0,13.89,13.65,15.97,11.39,2.1,1.96,1.95,2.89,2.05
HB_PAN,2019-12-25,1.82,0.9,1.32,0.29,1.86,3.93,3.58,5.73,7.3,9.04,8.97,9.01,9.21,8.9,8.92,9.48,10.0,15.98,17.1,16.33,13.92,14.22,13.7,12.14
HB_PAN,2019-12-26,13.24,12.68,13.72,13.98,14.97,15.31,17.9,18.34,18.57,23.37,23.03,21.76,20.03,17.82,17.89,16.55,15.9,21.05,19.12,18.0,17.3,16.65,15.96,14.61
HB_PAN,2019-12-27,13.82,12.96,13.01,12.6,13.21,13.76,15.86,15.61,15.06,14.56,13.85,11.98,10.38,10.0,9.99,10.0,11.63,16.22,14.97,13.91,12.47,13.77,8.57,8.01
HB_PAN,2019-12-28,2.41,2.1,2.73,5.45,9.95,13.03,13.8,14.8,15.63,15.49,17.55,13.79,12.57,12.23,10.31,9.67,11.38,17.12,13.0,11.43,10.41,10.94,10.06,8.37
HB_PAN,2019-12-29,5.0,4.04,3.62,4.99,7.49,10.65,11.92,14.47,16.8,18.27,14.76,10.72,10.01,12.05,12.99,12.13,14.25,19.41,21.87,21.55,23.31,19.71,16.55,15.57
HB_PAN,2019-12-30,13.57,13.25,14.2,14.98,15.86,17.96,35.61,30.27,26.62,24.31,19.88,18.47,16.77,15.65,15.05,15.02,16.39,27.67,30.02,24.57,22.05,19.42,16.88,16.42
HB_PAN,2019-12-31,15.55,15.87,15.99,16.52,16.33,19.3,40.82,33.85,26.32,20.25,17.93,16.58,16.14,15.66,14.47,14.84,16.53,22.63,20.98,18.7,17.02,15.7,14.88,14.12
