SettlementPoint,Year,Month,AveragePrice
HB_BUSAVG,2016,1,19.209301075268822
HB_BUSAVG,2016,2,15.288247126436788
HB_BUSAVG,2016,3,16.755625841184376
HB_BUSAVG,2016,4,18.289347222222197
HB_BUSAVG,2016,5,18.15958333333335
HB_BUSAVG,2016,6,23.90981944444443
HB_BUSAVG,2016,7,27.187473118279588
HB_BUSAVG,2016,8,30.567137096774225
HB_BUSAVG,2016,9,26.861750000000033
HB_BUSAVG,2016,10,25.2048387096774
HB_BUSAVG,2016,11,19.244902777777792
HB_BUSAVG,2016,12,25.31830645161287
HB_BUSAVG,2017,1,23.25278225806453
HB_BUSAVG,2017,2,20.1178273809524
HB_BUSAVG,2017,3,22.569892328398367
HB_BUSAVG,2017,4,23.70508333333335
HB_BUSAVG,2017,5,25.087352150537626
HB_BUSAVG,2017,6,27.669152777777793
HB_BUSAVG,2017,7,31.45427419354836
HB_BUSAVG,2017,8,27.50701612903228
HB_BUSAVG,2017,9,24.18416666666669
HB_BUSAVG,2017,10,23.563279569892487
HB_BUSAVG,2017,11,22.677458333333327
HB_BUSAVG,2017,12,21.187956989247333
HB_BUSAVG,2018,1,37.86967741935482
HB_BUSAVG,2018,2,21.854315476190465
HB_BUSAVG,2018,3,22.561978465679648
HB_BUSAVG,2018,4,23.142958333333308
HB_BUSAVG,2018,5,34.00524193548385
HB_BUSAVG,2018,6,29.96612499999997
HB_BUSAVG,2018,7,78.85944892473117
HB_BUSAVG,2018,8,31.661559139784913
HB_BUSAVG,2018,9,27.17544444444446
HB_BUSAVG,2018,10,29.95782258064515
HB_BUSAVG,2018,11,30.644499999999972
HB_BUSAVG,2018,12,30.268185483870955
HB_BUSAVG,2019,1,24.59256720430107
HB_BUSAVG,2019,2,21.186369047619046
HB_BUSAVG,2019,3,27.565720053835797
HB_BUSAVG,2019,4,22.613180555555562
HB_BUSAVG,2019,5,23.959932795698922
HB_BUSAVG,2019,6,25.08554166666668
HB_BUSAVG,2019,7,29.72962365591398
HB_BUSAVG,2019,8,126.38408602150527
HB_BUSAVG,2019,9,79.61562499999994
HB_BUSAVG,2019,10,28.247056451612934
HB_BUSAVG,2019,11,23.46837500000001
HB_BUSAVG,2019,12,18.715080645161272
HB_HOUSTON,2016,1,19.565725806451617
HB_HOUSTON,2016,2,15.464540229885062
HB_HOUSTON,2016,3,17.12495289367428
HB_HOUSTON,2016,4,18.940958333333334
HB_HOUSTON,2016,5,19.17408602150539
HB_HOUSTON,2016,6,26.255736111111084
HB_HOUSTON,2016,7,29.53892473118277
HB_HOUSTON,2016,8,32.9725403225807
HB_HOUSTON,2016,9,28.742416666666674
HB_HOUSTON,2016,10,28.24955645161289
HB_HOUSTON,2016,11,20.36593055555555
HB_HOUSTON,2016,12,25.727661290322622
HB_HOUSTON,2017,1,24.78185483870971
HB_HOUSTON,2017,2,23.265714285714306
HB_HOUSTON,2017,3,28.21329744279944
HB_HOUSTON,2017,4,32.295736111111104
HB_HOUSTON,2017,5,31.533172043010744
HB_HOUSTON,2017,6,33.16834722222224
HB_HOUSTON,2017,7,34.37583333333333
HB_HOUSTON,2017,8,29.401720430107513
HB_HOUSTON,2017,9,26.542944444444462
HB_HOUSTON,2017,10,30.141236559139788
HB_HOUSTON,2017,11,26.091055555555556
HB_HOUSTON,2017,12,21.549005376344063
HB_HOUSTON,2018,1,37.944784946236524
HB_HOUSTON,2018,2,22.16410714285716
HB_HOUSTON,2018,3,23.782543741588132
HB_HOUSTON,2018,4,24.652694444444446
HB_HOUSTON,2018,5,34.14755376344084
HB_HOUSTON,2018,6,30.628486111111098
HB_HOUSTON,2018,7,79.03404569892474
HB_HOUSTON,2018,8,31.944247311827972
HB_HOUSTON,2018,9,27.581361111111068
HB_HOUSTON,2018,10,30.981935483870988
HB_HOUSTON,2018,11,31.319236111111124
HB_HOUSTON,2018,12,30.333548387096755
HB_HOUSTON,2019,1,25.426034946236562
HB_HOUSTON,2019,2,21.50781249999998
HB_HOUSTON,2019,3,27.832032301480492
HB_HOUSTON,2019,4,23.870652777777796
HB_HOUSTON,2019,5,24.794274193548365
HB_HOUSTON,2019,6,26.897680555555574
HB_HOUSTON,2019,7,29.91100806451612
HB_HOUSTON,2019,8,126.62533602150543
HB_HOUSTON,2019,9,80.5876527777777
HB_HOUSTON,2019,10,30.393602150537653
HB_HOUSTON,2019,11,24.0215
HB_HOUSTON,2019,12,18.67249999999999
HB_HUBAVG,2016,1,19.25869623655914
HB_HUBAVG,2016,2,15.269252873563223
HB_HUBAVG,2016,3,16.654347240915186
HB_HUBAVG,2016,4,18.16686111111111
HB_HUBAVG,2016,5,18.247002688172035
HB_HUBAVG,2016,6,24.297847222222227
HB_HUBAVG,2016,7,27.459206989247352
HB_HUBAVG,2016,8,30.948534946236535
HB_HUBAVG,2016,9,27.188138888888897
HB_HUBAVG,2016,10,25.769059139784947
HB_HUBAVG,2016,11,19.489305555555553
HB_HUBAVG,2016,12,25.36259408602154
HB_HUBAVG,2017,1,23.325551075268802
HB_HUBAVG,2017,2,20.352127976190452
HB_HUBAVG,2017,3,23.233230148048435
HB_HUBAVG,2017,4,24.830486111111128
HB_HUBAVG,2017,5,25.905026881720417
HB_HUBAVG,2017,6,28.513847222222214
HB_HUBAVG,2017,7,31.864408602150526
HB_HUBAVG,2017,8,27.83861559139788
HB_HUBAVG,2017,9,24.51969444444443
HB_HUBAVG,2017,10,24.701451612903266
HB_HUBAVG,2017,11,23.16713888888889
HB_HUBAVG,2017,12,21.209852150537618
HB_HUBAVG,2018,1,37.77303763440862
HB_HUBAVG,2018,2,21.83005952380953
HB_HUBAVG,2018,3,22.40343203230148
HB_HUBAVG,2018,4,22.450305555555552
HB_HUBAVG,2018,5,32.83485215053763
HB_HUBAVG,2018,6,29.781861111111088
HB_HUBAVG,2018,7,78.83232526881713
HB_HUBAVG,2018,8,31.69458333333332
HB_HUBAVG,2018,9,27.05302777777778
HB_HUBAVG,2018,10,29.889112903225822
HB_HUBAVG,2018,11,30.277208333333338
HB_HUBAVG,2018,12,30.191989247311827
HB_HUBAVG,2019,1,24.68340053763441
HB_HUBAVG,2019,2,21.250639880952367
HB_HUBAVG,2019,3,27.189030955585476
HB_HUBAVG,2019,4,22.221166666666647
HB_HUBAVG,2019,5,23.88376344086022
HB_HUBAVG,2019,6,25.17154166666668
HB_HUBAVG,2019,7,29.69623655913976
HB_HUBAVG,2019,8,126.34983870967757
HB_HUBAVG,2019,9,79.4591944444445
HB_HUBAVG,2019,10,28.131760752688177
HB_HUBAVG,2019,11,23.2572361111111
HB_HUBAVG,2019,12,18.623373655914005
HB_NORTH,2016,1,19.133306451612892
HB_NORTH,2016,2,15.292658045977005
HB_NORTH,2016,3,16.859367429340523
HB_NORTH,2016,4,18.350666666666676
HB_NORTH,2016,5,17.905631720430126
HB_NORTH,2016,6,23.15805555555555
HB_NORTH,2016,7,26.8007930107527
HB_NORTH,2016,8,29.82838709677418
HB_NORTH,2016,9,26.249180555555544
HB_NORTH,2016,10,24.005255376344078
HB_NORTH,2016,11,18.66488888888888
HB_NORTH,2016,12,25.149045698924702
HB_NORTH,2017,1,22.991854838709685
HB_NORTH,2017,2,19.4481994047619
HB_NORTH,2017,3,21.227779273216694
HB_NORTH,2017,4,21.41055555555557
HB_NORTH,2017,5,23.41991935483871
HB_NORTH,2017,6,25.890569444444427
HB_NORTH,2017,7,30.65431451612902
HB_NORTH,2017,8,26.832728494623666
HB_NORTH,2017,9,23.346111111111103
HB_NORTH,2017,10,21.405900537634427
HB_NORTH,2017,11,21.59620833333333
HB_NORTH,2017,12,20.952997311827954
HB_NORTH,2018,1,37.5859005376344
HB_NORTH,2018,2,21.767023809523774
HB_NORTH,2018,3,22.608008075370122
HB_NORTH,2018,4,23.522916666666667
HB_NORTH,2018,5,35.3061424731183
HB_NORTH,2018,6,30.21188888888888
HB_NORTH,2018,7,78.96845430107523
HB_NORTH,2018,8,31.603051075268784
HB_NORTH,2018,9,27.299638888888918
HB_NORTH,2018,10,30.03416666666664
HB_NORTH,2018,11,31.234888888888918
HB_NORTH,2018,12,30.39826612903227
HB_NORTH,2019,1,24.33263440860215
HB_NORTH,2019,2,20.864955357142883
HB_NORTH,2019,3,28.103714670255727
HB_NORTH,2019,4,22.99740277777778
HB_NORTH,2019,5,23.97888440860211
HB_NORTH,2019,6,25.175819444444464
HB_NORTH,2019,7,29.781290322580663
HB_NORTH,2019,8,126.52185483870967
HB_NORTH,2019,9,79.91958333333324
HB_NORTH,2019,10,27.995967741935484
HB_NORTH,2019,11,23.628611111111105
HB_NORTH,2019,12,18.7319892473118
HB_PAN,2019,4,16.54876666666666
HB_PAN,2019,5,16.414327956989226
HB_PAN,2019,6,20.731319444444456
HB_PAN,2019,7,28.384569892473117
HB_PAN,2019,8,124.9917338709677
HB_PAN,2019,9,72.85329166666678
HB_PAN,2019,10,18.71676075268816
HB_PAN,2019,11,11.661291666666664
HB_PAN,2019,12,8.81724462365592
HB_SOUTH,2016,1,19.210053763440854
HB_SOUTH,2016,2,15.333591954022989
HB_SOUTH,2016,3,16.763109017496653
HB_SOUTH,2016,4,18.51290277777777
HB_SOUTH,2016,5,18.570456989247315
HB_SOUTH,2016,6,24.645374999999984
HB_SOUTH,2016,7,26.960255376344076
HB_SOUTH,2016,8,31.20797043010751
HB_SOUTH,2016,9,27.405569444444456
HB_SOUTH,2016,10,26.68966397849464
HB_SOUTH,2016,11,20.14883333333334
HB_SOUTH,2016,12,25.708991935483862
HB_SOUTH,2017,1,23.624811827956986
HB_SOUTH,2017,2,21.079360119047603
HB_SOUTH,2017,3,23.680753701211305
HB_SOUTH,2017,4,25.6094027777778
HB_SOUTH,2017,5,26.49501344086023
HB_SOUTH,2017,6,29.65469444444443
HB_SOUTH,2017,7,32.12946236559143
HB_SOUTH,2017,8,28.315026881720453
HB_SOUTH,2017,9,25.51509722222224
HB_SOUTH,2017,10,25.56365591397848
HB_SOUTH,2017,11,23.97718055555557
HB_SOUTH,2017,12,21.99791666666665
HB_SOUTH,2018,1,39.498145161290296
HB_SOUTH,2018,2,22.306398809523813
HB_SOUTH,2018,3,22.888452220726812
HB_SOUTH,2018,4,24.471888888888902
HB_SOUTH,2018,5,34.2260752688172
HB_SOUTH,2018,6,30.068638888888913
HB_SOUTH,2018,7,78.8473790322581
HB_SOUTH,2018,8,31.66752688172045
HB_SOUTH,2018,9,27.189805555555555
HB_SOUTH,2018,10,29.772513440860244
HB_SOUTH,2018,11,29.837180555555587
HB_SOUTH,2018,12,30.089301075268807
HB_SOUTH,2019,1,25.086061827956964
HB_SOUTH,2019,2,22.125639880952377
HB_SOUTH,2019,3,27.13555854643338
HB_SOUTH,2019,4,22.463333333333342
HB_SOUTH,2019,5,24.059946236559167
HB_SOUTH,2019,6,23.904361111111104
HB_SOUTH,2019,7,29.637500000000028
HB_SOUTH,2019,8,125.93654569892459
HB_SOUTH,2019,9,78.90047222222212
HB_SOUTH,2019,10,29.468400537634416
HB_SOUTH,2019,11,23.718555555555533
HB_SOUTH,2019,12,18.95251344086021
HB_WEST,2016,1,19.126559139784952
HB_WEST,2016,2,14.988663793103447
HB_WEST,2016,3,15.871668909825038
HB_WEST,2016,4,16.86274999999999
HB_WEST,2016,5,17.337674731182776
HB_WEST,2016,6,23.141930555555533
HB_WEST,2016,7,26.543561827957014
HB_WEST,2016,8,29.786733870967733
HB_WEST,2016,9,26.354250000000036
HB_WEST,2016,10,24.113938172042996
HB_WEST,2016,11,18.778416666666644
HB_WEST,2016,12,24.86266129032258
HB_WEST,2017,1,21.901720430107524
HB_WEST,2017,2,17.616681547619056
HB_WEST,2017,3,19.813593539703888
HB_WEST,2017,4,19.996097222222236
HB_WEST,2017,5,22.166612903225815
HB_WEST,2017,6,25.331694444444455
HB_WEST,2017,7,30.29364247311829
HB_WEST,2017,8,26.817043010752666
HB_WEST,2017,9,22.678819444444443
HB_WEST,2017,10,21.693830645161306
HB_WEST,2017,11,21.00179166666666
HB_WEST,2017,12,20.33803763440862
HB_WEST,2018,1,36.051639784946275
HB_WEST,2018,2,21.087604166666658
HB_WEST,2018,3,20.3336204576043
HB_WEST,2018,4,17.156625000000005
HB_WEST,2018,5,27.692016129032254
HB_WEST,2018,6,28.277027777777782
HB_WEST,2018,7,78.51755376344079
HB_WEST,2018,8,31.560120967741923
HB_WEST,2018,9,26.139597222222196
HB_WEST,2018,10,28.76133064516124
HB_WEST,2018,11,28.715250000000026
HB_WEST,2018,12,29.9440053763441
HB_WEST,2019,1,23.881545698924697
HB_WEST,2019,2,20.491160714285716
HB_WEST,2019,3,25.66967698519515
HB_WEST,2019,4,19.551875000000013
HB_WEST,2019,5,22.70266129032257
HB_WEST,2019,6,24.708555555555577
HB_WEST,2019,7,29.455470430107532
HB_WEST,2019,8,126.31528225806449
HB_WEST,2019,9,78.42925000000012
HB_WEST,2019,10,24.668131720430107
HB_WEST,2019,11,21.66026388888888
HB_WEST,2019,12,18.136424731182792
LZ_AEN,2016,1,19.324663978494627
LZ_AEN,2016,2,15.448290229885073
LZ_AEN,2016,3,16.855074024226113
LZ_AEN,2016,4,18.25606944444444
LZ_AEN,2016,5,18.12490591397849
LZ_AEN,2016,6,24.2375138888889
LZ_AEN,2016,7,27.976102150537606
LZ_AEN,2016,8,30.699516129032325
LZ_AEN,2016,9,26.710861111111146
LZ_AEN,2016,10,25.622903225806493
LZ_AEN,2016,11,19.640041666666637
LZ_AEN,2016,12,25.870174731182786
LZ_AEN,2017,1,23.40447580645163
LZ_AEN,2017,2,20.605327380952374
LZ_AEN,2017,3,22.99701211305518
LZ_AEN,2017,4,24.118083333333328
LZ_AEN,2017,5,25.293844086021508
LZ_AEN,2017,6,27.91663888888888
LZ_AEN,2017,7,31.40143817204301
LZ_AEN,2017,8,27.465618279569895
LZ_AEN,2017,9,24.628805555555562
LZ_AEN,2017,10,24.01990591397848
LZ_AEN,2017,11,23.019444444444446
LZ_AEN,2017,12,21.062930107526874
LZ_AEN,2018,1,38.83798387096776
LZ_AEN,2018,2,21.913883928571398
LZ_AEN,2018,3,22.202826379542397
LZ_AEN,2018,4,22.18848611111112
LZ_AEN,2018,5,33.166169354838736
LZ_AEN,2018,6,30.28612499999999
LZ_AEN,2018,7,78.95137096774195
LZ_AEN,2018,8,31.732137096774153
LZ_AEN,2018,9,27.16730555555553
LZ_AEN,2018,10,30.310000000000006
LZ_AEN,2018,11,30.468083333333325
LZ_AEN,2018,12,30.094758064516125
LZ_AEN,2019,1,25.107956989247317
LZ_AEN,2019,2,21.51380952380956
LZ_AEN,2019,3,27.74218034993274
LZ_AEN,2019,4,23.270347222222245
LZ_AEN,2019,5,24.676236559139774
LZ_AEN,2019,6,24.416791666666676
LZ_AEN,2019,7,29.709086021505378
LZ_AEN,2019,8,126.52692204301066
LZ_AEN,2019,9,80.16959722222228
LZ_AEN,2019,10,29.280443548387094
LZ_AEN,2019,11,24.408013888888913
LZ_AEN,2019,12,19.05170698924731
LZ_CPS,2016,1,19.3538440860215
LZ_CPS,2016,2,15.520014367816108
LZ_CPS,2016,3,16.898183041722756
LZ_CPS,2016,4,19.069361111111103
LZ_CPS,2016,5,18.479865591397857
LZ_CPS,2016,6,24.958069444444472
LZ_CPS,2016,7,27.967956989247316
LZ_CPS,2016,8,31.30657258064518
LZ_CPS,2016,9,28.130249999999958
LZ_CPS,2016,10,26.250295698924717
LZ_CPS,2016,11,21.71466666666668
LZ_CPS,2016,12,26.596424731182818
LZ_CPS,2017,1,23.772567204301065
LZ_CPS,2017,2,20.919479166666655
LZ_CPS,2017,3,23.861547779273234
LZ_CPS,2017,4,25.337902777777774
LZ_CPS,2017,5,26.537029569892443
LZ_CPS,2017,6,30.41599999999999
LZ_CPS,2017,7,32.1152956989247
LZ_CPS,2017,8,28.13756720430108
LZ_CPS,2017,9,25.136652777777797
LZ_CPS,2017,10,25.275954301075267
LZ_CPS,2017,11,23.572569444444426
LZ_CPS,2017,12,22.04837365591397
LZ_CPS,2018,1,41.312876344086014
LZ_CPS,2018,2,22.517395833333318
LZ_CPS,2018,3,25.289273216689107
LZ_CPS,2018,4,26.535375000000013
LZ_CPS,2018,5,36.05559139784947
LZ_CPS,2018,6,30.727277777777783
LZ_CPS,2018,7,79.12443548387105
LZ_CPS,2018,8,31.865685483871015
LZ_CPS,2018,9,27.512986111111136
LZ_CPS,2018,10,31.635967741935485
LZ_CPS,2018,11,32.041208333333316
LZ_CPS,2018,12,30.309220430107572
LZ_CPS,2019,1,26.798333333333357
LZ_CPS,2019,2,24.11011904761902
LZ_CPS,2019,3,29.351695827725433
LZ_CPS,2019,4,25.363597222222218
LZ_CPS,2019,5,26.246075268817183
LZ_CPS,2019,6,26.391291666666703
LZ_CPS,2019,7,30.667177419354825
LZ_CPS,2019,8,127.69620967741939
LZ_CPS,2019,9,82.43634722222212
LZ_CPS,2019,10,33.553602150537664
LZ_CPS,2019,11,25.57513888888891
LZ_CPS,2019,12,19.997862903225816
LZ_HOUSTON,2016,1,19.563938172043017
LZ_HOUSTON,2016,2,15.487988505747138
LZ_HOUSTON,2016,3,17.206729475100946
LZ_HOUSTON,2016,4,19.128930555555566
LZ_HOUSTON,2016,5,19.903991935483887
LZ_HOUSTON,2016,6,29.915083333333325
LZ_HOUSTON,2016,7,29.91186827956986
LZ_HOUSTON,2016,8,33.56354838709678
LZ_HOUSTON,2016,9,29.032680555555544
LZ_HOUSTON,2016,10,28.545819892473133
LZ_HOUSTON,2016,11,20.437680555555556
LZ_HOUSTON,2016,12,25.736841397849467
LZ_HOUSTON,2017,1,24.827365591397836
LZ_HOUSTON,2017,2,23.517217261904765
LZ_HOUSTON,2017,3,28.742005383580064
LZ_HOUSTON,2017,4,32.96706944444447
LZ_HOUSTON,2017,5,32.36264784946243
LZ_HOUSTON,2017,6,33.668916666666625
LZ_HOUSTON,2017,7,34.72583333333334
LZ_HOUSTON,2017,8,30.031478494623677
LZ_HOUSTON,2017,9,27.41002777777777
LZ_HOUSTON,2017,10,31.339381720430104
LZ_HOUSTON,2017,11,26.33962499999996
LZ_HOUSTON,2017,12,21.979784946236585
LZ_HOUSTON,2018,1,38.044986559139794
LZ_HOUSTON,2018,2,22.375848214285735
LZ_HOUSTON,2018,3,23.933458950201892
LZ_HOUSTON,2018,4,24.728347222222226
LZ_HOUSTON,2018,5,35.53303763440861
LZ_HOUSTON,2018,6,31.80234722222222
LZ_HOUSTON,2018,7,79.56653225806457
LZ_HOUSTON,2018,8,32.159623655913954
LZ_HOUSTON,2018,9,27.722416666666632
LZ_HOUSTON,2018,10,31.781115591397857
LZ_HOUSTON,2018,11,31.730333333333313
LZ_HOUSTON,2018,12,30.462069892473117
LZ_HOUSTON,2019,1,25.55008064516131
LZ_HOUSTON,2019,2,21.644255952380963
LZ_HOUSTON,2019,3,28.080323014804854
LZ_HOUSTON,2019,4,24.264583333333338
LZ_HOUSTON,2019,5,25.153615591397852
LZ_HOUSTON,2019,6,27.2267361111111
LZ_HOUSTON,2019,7,30.013064516129045
LZ_HOUSTON,2019,8,126.69338709677426
LZ_HOUSTON,2019,9,80.77929166666665
LZ_HOUSTON,2019,10,30.642379032258074
LZ_HOUSTON,2019,11,24.18161111111111
LZ_HOUSTON,2019,12,18.919852150537647
LZ_LCRA,2016,1,19.31745967741934
LZ_LCRA,2016,2,15.488548850574706
LZ_LCRA,2016,3,16.79629878869449
LZ_LCRA,2016,4,18.39270833333334
LZ_LCRA,2016,5,18.18278225806455
LZ_LCRA,2016,6,24.16441666666668
LZ_LCRA,2016,7,27.592217741935475
LZ_LCRA,2016,8,31.175577956989258
LZ_LCRA,2016,9,27.03994444444444
LZ_LCRA,2016,10,26.068440860215063
LZ_LCRA,2016,11,19.541680555555562
LZ_LCRA,2016,12,25.487876344086036
LZ_LCRA,2017,1,23.43627688172043
LZ_LCRA,2017,2,20.660818452380937
LZ_LCRA,2017,3,23.437133243607
LZ_LCRA,2017,4,24.477416666666684
LZ_LCRA,2017,5,25.637956989247325
LZ_LCRA,2017,6,28.639083333333343
LZ_LCRA,2017,7,31.905712365591352
LZ_LCRA,2017,8,27.678010752688152
LZ_LCRA,2017,9,24.813430555555563
LZ_LCRA,2017,10,24.484260752688193
LZ_LCRA,2017,11,23.047124999999994
LZ_LCRA,2017,12,21.11766129032256
LZ_LCRA,2018,1,38.99256720430111
LZ_LCRA,2018,2,21.76224702380953
LZ_LCRA,2018,3,22.051305518169595
LZ_LCRA,2018,4,22.644027777777783
LZ_LCRA,2018,5,34.73540322580648
LZ_LCRA,2018,6,30.365555555555577
LZ_LCRA,2018,7,79.06994623655915
LZ_LCRA,2018,8,31.807970430107524
LZ_LCRA,2018,9,27.18726388888886
LZ_LCRA,2018,10,30.06987903225809
LZ_LCRA,2018,11,30.515805555555563
LZ_LCRA,2018,12,30.582661290322633
LZ_LCRA,2019,1,24.936303763440858
LZ_LCRA,2019,2,21.66697916666667
LZ_LCRA,2019,3,27.649313593539745
LZ_LCRA,2019,4,23.31476388888888
LZ_LCRA,2019,5,24.50868279569892
LZ_LCRA,2019,6,24.51954166666666
LZ_LCRA,2019,7,29.74791666666666
LZ_LCRA,2019,8,126.67076612903215
LZ_LCRA,2019,9,82.46723611111106
LZ_LCRA,2019,10,29.015806451612917
LZ_LCRA,2019,11,24.485222222222248
LZ_LCRA,2019,12,19.456881720430097
LZ_NORTH,2016,1,19.187997311827974
LZ_NORTH,2016,2,15.46221264367817
LZ_NORTH,2016,3,17.461507402422594
LZ_NORTH,2016,4,19.08763888888888
LZ_NORTH,2016,5,18.182889784946234
LZ_NORTH,2016,6,23.562680555555552
LZ_NORTH,2016,7,27.415779569892457
LZ_NORTH,2016,8,30.148575268817243
LZ_NORTH,2016,9,26.605861111111107
LZ_NORTH,2016,10,24.532661290322583
LZ_NORTH,2016,11,18.830513888888877
LZ_NORTH,2016,12,25.28624999999999
LZ_NORTH,2017,1,23.603024193548404
LZ_NORTH,2017,2,19.550014880952375
LZ_NORTH,2017,3,21.839407806191105
LZ_NORTH,2017,4,21.975805555555546
LZ_NORTH,2017,5,24.557513440860216
LZ_NORTH,2017,6,26.893736111111114
LZ_NORTH,2017,7,31.186841397849467
LZ_NORTH,2017,8,27.060362903225812
LZ_NORTH,2017,9,23.968402777777758
LZ_NORTH,2017,10,21.938427419354845
LZ_NORTH,2017,11,22.263166666666674
LZ_NORTH,2017,12,21.4081317204301
LZ_NORTH,2018,1,37.728521505376335
LZ_NORTH,2018,2,21.84046130952379
LZ_NORTH,2018,3,22.640551816958272
LZ_NORTH,2018,4,24.36688888888891
LZ_NORTH,2018,5,37.451881720430116
LZ_NORTH,2018,6,31.301611111111136
LZ_NORTH,2018,7,79.84618279569887
LZ_NORTH,2018,8,31.97158602150531
LZ_NORTH,2018,9,27.885847222222214
LZ_NORTH,2018,10,31.64541666666666
LZ_NORTH,2018,11,31.97412499999999
LZ_NORTH,2018,12,31.131948924731233
LZ_NORTH,2019,1,24.36783602150537
LZ_NORTH,2019,2,20.85114583333333
LZ_NORTH,2019,3,28.594037685060574
LZ_NORTH,2019,4,23.718430555555557
LZ_NORTH,2019,5,24.011451612903222
LZ_NORTH,2019,6,25.20791666666667
LZ_NORTH,2019,7,29.834946236559162
LZ_NORTH,2019,8,126.60091397849466
LZ_NORTH,2019,9,80.7741527777778
LZ_NORTH,2019,10,28.732943548387126
LZ_NORTH,2019,11,24.153611111111104
LZ_NORTH,2019,12,19.006801075268804
LZ_RAYBN,2016,1,19.447943548387116
LZ_RAYBN,2016,2,15.400431034482773
LZ_RAYBN,2016,3,17.11724091520861
LZ_RAYBN,2016,4,18.855361111111097
LZ_RAYBN,2016,5,18.320994623655913
LZ_RAYBN,2016,6,23.315944444444447
LZ_RAYBN,2016,7,27.471075268817224
LZ_RAYBN,2016,8,30.149758064516142
LZ_RAYBN,2016,9,26.470263888888894
LZ_RAYBN,2016,10,24.452513440860198
LZ_RAYBN,2016,11,18.87531944444443
LZ_RAYBN,2016,12,25.31955645161287
LZ_RAYBN,2017,1,23.39010752688172
LZ_RAYBN,2017,2,20.36915178571431
LZ_RAYBN,2017,3,21.90716016150739
LZ_RAYBN,2017,4,22.21343055555554
LZ_RAYBN,2017,5,24.001330645161307
LZ_RAYBN,2017,6,26.125041666666643
LZ_RAYBN,2017,7,30.760497311827933
LZ_RAYBN,2017,8,26.824825268817232
LZ_RAYBN,2017,9,23.535680555555558
LZ_RAYBN,2017,10,21.379932795698938
LZ_RAYBN,2017,11,21.82918055555556
LZ_RAYBN,2017,12,21.31260752688172
LZ_RAYBN,2018,1,39.37014784946231
LZ_RAYBN,2018,2,22.403169642857126
LZ_RAYBN,2018,3,23.805706594885592
LZ_RAYBN,2018,4,27.19887500000002
LZ_RAYBN,2018,5,40.951250000000016
LZ_RAYBN,2018,6,31.945583333333342
LZ_RAYBN,2018,7,84.90190860215051
LZ_RAYBN,2018,8,32.51872311827957
LZ_RAYBN,2018,9,27.680888888888877
LZ_RAYBN,2018,10,30.624959677419376
LZ_RAYBN,2018,11,33.45244444444446
LZ_RAYBN,2018,12,31.55353494623656
LZ_RAYBN,2019,1,24.411491935483873
LZ_RAYBN,2019,2,21.066279761904763
LZ_RAYBN,2019,3,29.809798115747
LZ_RAYBN,2019,4,24.998305555555564
LZ_RAYBN,2019,5,24.788158602150553
LZ_RAYBN,2019,6,25.458513888888895
LZ_RAYBN,2019,7,30.02971774193554
LZ_RAYBN,2019,8,126.89788978494644
LZ_RAYBN,2019,9,80.69863888888884
LZ_RAYBN,2019,10,28.554381720430126
LZ_RAYBN,2019,11,24.517569444444426
LZ_RAYBN,2019,12,19.08506720430106
LZ_SOUTH,2016,1,19.48172043010753
LZ_SOUTH,2016,2,15.935862068965523
LZ_SOUTH,2016,3,19.521144010767156
LZ_SOUTH,2016,4,20.73800000000002
LZ_SOUTH,2016,5,20.69174731182796
LZ_SOUTH,2016,6,27.47165277777775
LZ_SOUTH,2016,7,28.88958333333334
LZ_SOUTH,2016,8,31.82330645161287
LZ_SOUTH,2016,9,28.76201388888887
LZ_SOUTH,2016,10,30.03103494623656
LZ_SOUTH,2016,11,20.633388888888888
LZ_SOUTH,2016,12,26.32684139784947
LZ_SOUTH,2017,1,25.15548387096773
LZ_SOUTH,2017,2,21.793690476190488
LZ_SOUTH,2017,3,26.528209959623116
LZ_SOUTH,2017,4,28.549888888888887
LZ_SOUTH,2017,5,29.979731182795668
LZ_SOUTH,2017,6,36.783444444444456
LZ_SOUTH,2017,7,34.19329301075271
LZ_SOUTH,2017,8,33.45784946236564
LZ_SOUTH,2017,9,28.33034722222221
LZ_SOUTH,2017,10,28.464018817204334
LZ_SOUTH,2017,11,27.86572222222222
LZ_SOUTH,2017,12,25.40422043010751
LZ_SOUTH,2018,1,46.13256720430113
LZ_SOUTH,2018,2,25.197038690476194
LZ_SOUTH,2018,3,26.759973082099577
LZ_SOUTH,2018,4,28.186972222222227
LZ_SOUTH,2018,5,41.27442204301073
LZ_SOUTH,2018,6,32.258680555555515
LZ_SOUTH,2018,7,80.44756720430111
LZ_SOUTH,2018,8,33.690631720430126
LZ_SOUTH,2018,9,28.383763888888897
LZ_SOUTH,2018,10,32.12697580645161
LZ_SOUTH,2018,11,33.54448611111104
LZ_SOUTH,2018,12,32.11272849462366
LZ_SOUTH,2019,1,27.057903225806513
LZ_SOUTH,2019,2,23.72895833333334
LZ_SOUTH,2019,3,30.529488559892318
LZ_SOUTH,2019,4,27.14783333333334
LZ_SOUTH,2019,5,27.210994623655925
LZ_SOUTH,2019,6,27.259597222222187
LZ_SOUTH,2019,7,31.13216397849467
LZ_SOUTH,2019,8,127.1090188172042
LZ_SOUTH,2019,9,81.00911111111105
LZ_SOUTH,2019,10,32.94211021505377
LZ_SOUTH,2019,11,25.80370833333333
LZ_SOUTH,2019,12,19.786881720430113
LZ_WEST,2016,1,19.51926075268816
LZ_WEST,2016,2,15.044482758620699
LZ_WEST,2016,3,16.00265141318978
LZ_WEST,2016,4,17.153666666666663
LZ_WEST,2016,5,17.737526881720434
LZ_WEST,2016,6,23.48876388888888
LZ_WEST,2016,7,27.178790322580664
LZ_WEST,2016,8,30.01056451612905
LZ_WEST,2016,9,26.767666666666685
LZ_WEST,2016,10,25.182258064516123
LZ_WEST,2016,11,19.343138888888898
LZ_WEST,2016,12,25.165819892473102
LZ_WEST,2017,1,23.231370967741938
LZ_WEST,2017,2,18.47705357142856
LZ_WEST,2017,3,20.251197846567983
LZ_WEST,2017,4,20.388569444444446
LZ_WEST,2017,5,22.86779569892472
LZ_WEST,2017,6,27.51231944444447
LZ_WEST,2017,7,31.130174731182798
LZ_WEST,2017,8,27.213911290322564
LZ_WEST,2017,9,27.011777777777755
LZ_WEST,2017,10,22.173319892473113
LZ_WEST,2017,11,22.152916666666673
LZ_WEST,2017,12,21.87225806451613
LZ_WEST,2018,1,37.29330645161292
LZ_WEST,2018,2,22.12410714285712
LZ_WEST,2018,3,22.30162853297446
LZ_WEST,2018,4,21.128125000000004
LZ_WEST,2018,5,49.600120967741965
LZ_WEST,2018,6,57.96752777777783
LZ_WEST,2018,7,101.47096774193538
LZ_WEST,2018,8,33.28985215053763
LZ_WEST,2018,9,27.10109722222224
LZ_WEST,2018,10,30.004556451612874
LZ_WEST,2018,11,31.22402777777777
LZ_WEST,2018,12,34.98084677419353
LZ_WEST,2019,1,27.461532258064498
LZ_WEST,2019,2,22.798958333333317
LZ_WEST,2019,3,31.282960969044446
LZ_WEST,2019,4,21.699236111111095
LZ_WEST,2019,5,28.8519892473118
LZ_WEST,2019,6,32.02677777777779
LZ_WEST,2019,7,32.07568548387098
LZ_WEST,2019,8,128.87646505376352
LZ_WEST,2019,9,83.471138888889
LZ_WEST,2019,10,49.38336021505375
LZ_WEST,2019,11,49.34084722222219
LZ_WEST,2019,12,39.502594086021524
