month_of_year,day_of_week,hour_of_day,Price,NormalizedPrice
1,0,0,19.44055555555555,0.019854625438040233
1,0,1,18.52166666666667,0.017587013887527984
1,0,2,18.53055555555555,0.017608949670362434
1,0,3,19.089999999999993,0.018989533002506224
1,0,4,20.60666666666667,0.022732325948635914
1,0,5,23.643333333333334,0.030226137759458174
1,0,6,39.02888888888889,0.06819423587305344
1,0,7,35.55611111111111,0.05962419971691549
1,0,8,30.624444444444446,0.047453953203071886
1,0,9,30.778333333333332,0.04783371644339346
1,0,10,28.572222222222226,0.042389529341166035
1,0,11,26.183888888888887,0.036495658690832156
1,0,12,25.21722222222222,0.03411014230758466
1,0,13,24.755000000000003,0.03296948160019278
1,0,14,24.430000000000003,0.03216745454030785
1,0,15,23.897777777777776,0.030854049543094574
1,0,16,24.983333333333334,0.03353295702175296
1,0,17,35.241666666666674,0.0588482213991465
1,0,18,37.150000000000006,0.06355755977641954
1,0,19,31.24388888888889,0.04898260306934829
1,0,20,29.321111111111108,0.04423761904496923
1,0,21,27.334999999999997,0.03933634256789467
1,0,22,23.985000000000003,0.03106929441215772
1,0,23,21.96333333333333,0.026080274803745303
1,1,0,20.13263157894737,0.02156251374037191
1,1,1,19.004736842105263,0.018779122664528334
1,1,2,19.034210526315793,0.018851857102347862
1,1,3,19.90105263157895,0.02099102887178993
1,1,4,22.385263157894737,0.02712150291657837
1,1,5,28.762631578947367,0.04285941689977786
1,1,6,47.815263157894734,0.08987703563311297
1,1,7,45.32368421052632,0.08372837797886964
1,1,8,37.03842105263158,0.06328220797610276
1,1,9,34.961052631578944,0.0581557289390731
1,1,10,32.140526315789465,0.051195303005593995
1,1,11,30.49315789473685,0.04712996746318136
1,1,12,29.492631578947375,0.04466089306505787
1,1,13,28.33368421052631,0.04180087106365442
1,1,14,28.333684210526318,0.041800871063654446
1,1,15,28.841578947368422,0.043054241286794456
1,1,16,30.45578947368421,0.047037750586660154
1,1,17,46.742105263157896,0.08722872279893423
1,1,18,52.20684210526316,0.10071446686822205
1,1,19,41.926315789473676,0.07534443519092272
1,1,20,37.699473684210524,0.06491353751005494
1,1,21,34.665263157894735,0.0574257869023843
1,1,22,27.657894736842106,0.0401331743107925
1,1,23,25.163157894736845,0.03397672368106851
1,2,0,23.91611111111111,0.030899292095190645
1,2,1,22.727777777777774,0.027966752127508824
1,2,2,23.39333333333333,0.02960919386723899
1,2,3,24.779444444444444,0.033029805002987536
1,2,4,29.143888888888885,0.043800274374707196
1,2,5,43.39166666666668,0.07896059228549167
1,2,6,134.5238888888889,0.30385446382293435
1,2,7,135.29888888888888,0.3057669898888138
1,2,8,64.23166666666665,0.13038903514088213
1,2,9,37.75833333333334,0.06505878991415287
1,2,10,34.03611111111112,0.055873180852222926
1,2,11,30.379444444444445,0.046849348188697085
1,2,12,28.610555555555557,0.042484127404639624
1,2,13,27.15666666666667,0.03889625592477834
1,2,14,26.25333333333333,0.03666703199422637
1,2,15,25.99555555555555,0.036030894292027035
1,2,16,27.028333333333332,0.03857955806010582
1,2,17,37.745000000000005,0.06502588623990119
1,2,18,42.003888888888895,0.07553586819046164
1,2,19,35.61277777777778,0.05976404033248518
1,2,20,33.63444444444445,0.054881957665390765
1,2,21,31.045555555555552,0.048493160914854394
1,2,22,26.830555555555556,0.03809148689203909
1,2,23,24.063888888888894,0.03126397448481355
1,3,0,22.402941176470588,0.02716512829892601
1,3,1,21.128823529411765,0.024020891897639573
1,3,2,21.51470588235294,0.024973162940688454
1,3,3,22.47,0.027330614425309502
1,3,4,25.201176470588234,0.03407054499371805
1,3,5,32.965294117647055,0.0532306448370143
1,3,6,65.0229411764706,0.1323417230444512
1,3,7,58.347647058823526,0.11586859530585536
1,3,8,42.76058823529412,0.07740323235050543
1,3,9,36.63294117647058,0.06228157464404149
1,3,10,31.135294117647057,0.04871461554596994
1,3,11,28.664117647058827,0.042616306625469336
1,3,12,26.77294117647059,0.03794930753491721
1,3,13,26.03705882352941,0.03613331504276146
1,3,14,25.029411764705884,0.0336466682489463
1,3,15,24.736470588235296,0.03292375517053418
1,3,16,25.41588235294118,0.03460039092468277
1,3,17,35.137058823529415,0.05859007271953949
1,3,18,37.61411764705882,0.06470289796691582
1,3,19,31.13941176470589,0.04872477697478299
1,3,20,29.94882352941177,0.045786672415132124
1,3,21,27.310000000000002,0.039274648178672766
1,3,22,24.93941176470588,0.03342456844774738
1,3,23,23.269411764705886,0.0293033832477233
1,4,0,20.62647058823529,0.022781197582450907
1,4,1,19.09529411764706,0.019002597696694417
1,4,2,19.26764705882353,0.019427926074153754
1,4,3,19.706470588235295,0.020510844059084352
1,4,4,21.45235294117647,0.024819289875805565
1,4,5,25.82588235294118,0.03561217890792222
1,4,6,43.10352941176472,0.0782495342073614
1,4,7,38.64235294117647,0.06724035190479612
1,4,8,31.69352941176471,0.050092214966478185
1,4,9,29.12705882352941,0.04375874155059048
1,4,10,27.781176470588235,0.04043740596141995
1,4,11,26.009999999999998,0.03606653993913303
1,4,12,24.766470588235293,0.03299778843760047
1,4,13,24.1264705882353,0.031418412073519406
1,4,14,23.650000000000006,0.03024258959658403
1,4,15,22.985294117647054,0.02860224465962478
1,4,16,24.49,0.03231552107444044
1,4,17,34.98117647058823,0.05820539005733222
1,4,18,34.809411764705885,0.05778151331256047
1,4,19,29.11764705882353,0.0437355154275893
1,4,20,27.281176470588235,0.0392035181769816
1,4,21,25.832941176470587,0.03562959850017311
1,4,22,22.667647058823526,0.027818363008334537
1,4,23,21.598235294117647,0.025179294782324047
1,5,0,22.706470588235295,0.02791417076571447
1,5,1,21.026470588235295,0.023768307810001606
1,5,2,20.270588235294117,0.021902959806468326
1,5,3,20.46470588235294,0.02238199859336792
1,5,4,21.479411764705876,0.024886064979433974
1,5,5,23.245882352941177,0.029245317940220315
1,5,6,29.531764705882352,0.04475746483964177
1,5,7,32.00705882352941,0.050865935188955394
1,5,8,36.158235294117645,0.06111010706516887
1,5,9,33.605882352941165,0.054811472833782945
1,5,10,28.73176470588235,0.0427832443845404
1,5,11,26.26294117647059,0.036690741994790096
1,5,12,23.53647058823529,0.02996242448788212
1,5,13,21.859999999999996,0.025825271328294704
1,5,14,21.357647058823524,0.024585577013106052
1,5,15,20.882941176470588,0.02341410943423342
1,5,16,21.148823529411764,0.024070247409017104
1,5,17,28.31294117647059,0.04174968191098734
1,5,18,32.362941176470585,0.05174417296493798
1,5,19,27.20352941176471,0.03901190266222178
1,5,20,25.32176470588235,0.03436812969467083
1,5,21,24.00941176470588,0.03112953716869205
1,5,22,21.999411764705876,0.026169308275249863
1,5,23,21.23235294117647,0.024276379250652683
1,6,0,20.581111111111113,0.022669260572986846
1,6,1,18.839999999999996,0.018372589110287055
1,6,2,18.21666666666667,0.016834342339020595
1,6,3,18.545,0.017644595317468443
1,6,4,19.262777777777778,0.019415909781351052
1,6,5,20.928888888888892,0.023527498076385076
1,6,6,27.073888888888888,0.038691978947132416
1,6,7,29.27777777777778,0.04413068210365126
1,6,8,30.484999999999996,0.04710983560985628
1,6,9,28.255000000000003,0.04160669609126125
1,6,10,25.593333333333334,0.035038300118767754
1,6,11,23.55666666666667,0.030012263876822192
1,6,12,21.951666666666668,0.02605148408877508
1,6,13,21.22222222222222,0.024251378909922235
1,6,14,20.68111111111111,0.02291603812987451
1,6,15,20.60333333333333,0.022724100030072986
1,6,16,21.43333333333333,0.024772353752240645
1,6,17,29.370000000000005,0.044358265850558784
1,6,18,35.012777777777785,0.05828337499115917
1,6,19,28.142222222222227,0.04132838584654905
1,6,20,26.00777777777778,0.036061055993424435
1,6,21,24.58888888888889,0.03255955665847381
1,6,22,21.349444444444448,0.02456533480174045
1,6,23,19.90777777777778,0.021007625023276532
2,0,0,13.768823529411764,0.005858063710707021
2,0,1,12.65294117647059,0.003104316502378142
2,0,2,12.384705882352943,0.0024423719968441546
2,0,3,13.035294117647057,0.004047877749301581
2,0,4,14.518823529411764,0.007708895387364547
2,0,5,17.824117647058824,0.01586561945884585
2,0,6,29.42823529411765,0.04450197748662865
2,0,7,27.15352941176471,0.03888851388377794
2,0,8,23.929411764705883,0.030932115123181916
2,0,9,23.909411764705883,0.030882759611804384
2,0,10,23.075294117647058,0.028824344460823697
2,0,11,22.55588235294118,0.02754255279769539
2,0,12,22.103529411764704,0.026426247260950563
2,0,13,22.466470588235296,0.027321904629184064
2,0,14,22.275294117647057,0.026850124005722332
2,0,15,22.80352941176471,0.028153690159164278
2,0,16,23.63235294117647,0.03019904061595678
2,0,17,26.39117647058824,0.03700719792068134
2,0,18,36.06117647058824,0.06087058767171907
2,0,19,25.991764705882353,0.03602153932581824
2,0,20,24.315294117647053,0.031884386166230794
2,0,21,22.520000000000003,0.02745400320375335
2,0,22,18.50941176470588,0.01755677153987018
2,0,23,15.883529411764705,0.011076683222537468
2,1,0,13.585624999999999,0.005405970855570531
2,1,1,11.85,0.0011228378838388994
2,1,2,11.395,0.0
2,1,3,12.063125,0.0016487825519557464
2,1,4,13.955000000000002,0.006317505456324372
2,1,5,17.73875,0.015654951265061594
2,1,6,26.909999999999997,0.038287537951122066
2,1,7,24.667499999999997,0.032753551237916054
2,1,8,23.115625,0.028923872026965527
2,1,9,23.19875,0.0291290058711284
2,1,10,22.699375,0.027896660446420595
2,1,11,22.805625,0.028158861600613743
2,1,12,22.889375,0.028365537804507176
2,1,13,23.541874999999997,0.029975761363199214
2,1,14,23.85375,0.03074539886874265
2,1,15,24.346249999999998,0.03196077833641442
2,1,16,24.969999999999995,0.03350005334750125
2,1,17,27.134999999999998,0.03884278745411933
2,1,18,40.229375,0.07115676616882922
2,1,19,27.588750000000005,0.03996254061849715
2,1,20,24.47625,0.0322815891603684
2,1,21,22.545625,0.027517239952705806
2,1,22,19.618750000000002,0.020294369334549808
2,1,23,17.720625,0.015610222832875702
2,2,0,15.0125,0.008927178120411477
2,2,1,13.486250000000002,0.00516073565841341
2,2,2,13.058124999999999,0.00410421924298807
2,2,3,13.493125,0.005177701615449431
2,2,4,15.2825,0.00959347752400819
2,2,5,18.715,0.018064117164177478
2,2,6,30.708125,0.04766045803366191
2,2,7,26.684999999999995,0.037732288448124804
2,2,8,23.63125,0.03019631880466758
2,2,9,23.46875,0.029795305274725115
2,2,10,23.4025,0.02963181514328703
2,2,11,23.405625,0.029639526941939772
2,2,12,22.80125,0.028148065082499913
2,2,13,23.896874999999998,0.03085182169015045
2,2,14,25.46749999999999,0.03472777169301741
2,2,15,26.646874999999998,0.03763820450456139
2,2,16,26.058749999999996,0.03618684399811577
2,2,17,27.139374999999998,0.038853583972233166
2,2,18,37.75,0.06503822511774555
2,2,19,27.26625,0.0391666829975344
2,2,20,25.343124999999997,0.034420842106638386
2,2,21,22.976875000000003,0.028581468166783894
2,2,22,19.0175,0.018810619273762676
2,2,23,17.0625,0.013986118036608725
2,3,0,14.120625,0.00672623078491957
2,3,1,12.98875,0.00393301731289725
2,3,2,12.701875,0.0032250741965757397
2,3,3,13.293124999999998,0.004684146501674088
2,3,4,14.519375000000002,0.007710256293009161
2,3,5,18.915625000000002,0.018559214637683372
2,3,6,37.02687499999999,0.06325371490950156
2,3,7,30.915625,0.048172521464203824
2,3,8,26.111874999999998,0.036317944575212355
2,3,9,25.056250000000002,0.03371289899031689
2,3,10,24.16375,0.031510409295094424
2,3,11,23.53,0.029946456528318812
2,3,12,23.151875000000004,0.029013328891337318
2,3,13,23.268750000000004,0.02930175016094978
2,3,14,23.195625,0.02912129407247566
2,3,15,23.7975,0.03060658649299333
2,3,16,24.029375,0.03117880195302662
2,3,17,26.201249999999998,0.03653850201668071
2,3,18,35.958124999999995,0.0606162797702646
2,3,19,26.210625,0.03656163741263893
2,3,20,24.311875000000004,0.031875948551234295
2,3,21,23.260625,0.02928169948445265
2,3,22,19.553124999999998,0.02013242156284226
2,3,23,16.691875,0.013071498716393796
2,4,0,15.108125,0.009163159159185311
2,4,1,13.978749999999998,0.006376115126085182
2,4,2,13.516875,0.005236311285210262
2,4,3,14.30125,0.007171972747047919
2,4,4,15.639375,0.010474164930151065
2,4,5,18.489375,0.01750732530144967
2,4,6,34.394375000000004,0.056757295724433665
2,4,7,29.328750000000003,0.04425647010834262
2,4,8,26.714375000000004,0.037804779355460574
2,4,9,25.733749999999997,0.03538481693823084
2,4,10,24.362499999999997,0.032000879689408665
2,4,11,24.032500000000002,0.03118651375167936
2,4,12,23.056874999999998,0.028778890212294014
2,4,13,23.638125,0.0302132847617036
2,4,14,24.295625,0.031835847198240036
2,4,15,24.56,0.03248826536426182
2,4,16,24.750625000000003,0.03295868508207894
2,4,17,26.99625,0.03850038359393769
2,4,18,33.278124999999996,0.054002641245675026
2,4,19,24.17625,0.03154125648970538
2,4,20,22.729999999999993,0.027972236073217433
2,4,21,21.2825,0.02440013093726841
2,4,22,18.701874999999998,0.018031727609835967
2,4,23,17.051875000000003,0.013959897921189412
2,5,0,16.405625,0.012365097959802836
2,5,1,14.845,0.008513825712624632
2,5,2,14.428749999999999,0.0074866141320797
2,5,3,14.605625,0.00792310193582477
2,5,4,15.511874999999998,0.010159523545119276
2,5,5,17.5,0.015065769847992284
2,5,6,19.7675,0.020661450950420202
2,5,7,21.691875,0.025410376560777315
2,5,8,24.908749999999998,0.03334890209390756
2,5,9,27.168125,0.03892453251983838
2,5,10,25.326249999999998,0.03437919839391358
2,5,11,22.664375,0.027810288301509913
2,5,12,21.590625,0.02516051428442855
2,5,13,21.967499999999998,0.026090557201948954
2,5,14,21.893124999999998,0.025907016394013747
2,5,15,21.815625,0.02571576378742581
2,5,16,21.79375,0.025661781196856633
2,5,17,23.9275,0.030927397316947294
2,5,18,31.579375000000002,0.04981050749804575
2,5,19,22.67125,0.02782725425854594
2,5,20,21.183125,0.024154895740111298
2,5,21,19.696875000000002,0.020487164300868294
2,5,22,17.57125,0.015241598857274743
2,5,23,16.005000000000003,0.011376445372521613
2,6,0,14.697499999999998,0.008149828816215312
2,6,1,13.139375000000001,0.004304726007959305
2,6,2,12.248125,0.002105321032197939
2,6,3,12.56125,0.002878043257202454
2,6,4,13.169374999999999,0.004378759275025599
2,6,5,14.321875,0.007222870618156008
2,6,6,17.935624999999998,0.01614079458018419
2,6,7,19.396875,0.019746831630205287
2,6,8,22.621875,0.027705407839832653
2,6,9,23.639375,0.0302163694811647
2,6,10,22.3475,0.02702831191812211
2,6,11,21.303125,0.0244510288083765
2,6,12,20.653750000000002,0.022848517048337198
2,6,13,20.486875,0.02243670700028089
2,6,14,20.672500000000003,0.022894787840253634
2,6,15,20.658750000000005,0.022860855926181586
2,6,16,20.584375,0.02267731511824637
2,6,17,23.659375,0.030265724992542233
2,6,18,34.303125,0.05653211120377366
2,6,19,24.530624999999997,0.03241577445692606
2,6,20,21.969375000000003,0.026095184281140608
2,6,21,20.500625,0.022470638914352945
2,6,22,18.14375,0.01665440037045666
2,6,23,16.090625,0.011587748655606672
3,0,0,16.428125,0.012420622910102565
3,0,1,14.713749999999997,0.008189930169209558
3,0,2,14.088750000000001,0.006647570438661623
3,0,3,14.533750000000001,0.00774573056681176
3,0,4,16.131874999999997,0.011689544397822837
3,0,5,20.504375,0.02247989307273623
3,0,6,32.916250000000005,0.0531096149616878
3,0,7,31.70375,0.050117437084424774
3,0,8,27.484375,0.03970496654349563
3,0,9,27.993125,0.040960447364161656
3,0,10,29.066875,0.043610221381243014
3,0,11,30.184375,0.04636796057946273
3,0,12,30.23625,0.04649597643709821
3,0,13,32.645,0.05244023083862999
3,0,14,36.415,0.06174374473329515
3,0,15,40.5125,0.07185545512676746
3,0,16,44.93187500000001,0.08276148078147197
3,0,17,42.29625,0.07625734979775127
3,0,18,48.04249999999999,0.09043780516040902
3,0,19,43.98125,0.08041555163130852
3,0,20,37.9625,0.06556262742613185
3,0,21,29.40375,0.04444155327600835
3,0,22,23.816875,0.030654399644640316
3,0,23,21.088750000000005,0.023921999420798565
3,1,0,17.245882352941177,0.014438664526960087
3,1,1,15.101764705882355,0.009147463380750922
3,1,2,14.409411764705881,0.007438891707475689
3,1,3,14.906470588235296,0.008665521328476176
3,1,4,17.147058823529413,0.014194790235447566
3,1,5,23.052352941176473,0.028767730786008295
3,1,6,67.95058823529412,0.13956649893050962
3,1,7,61.484117647058824,0.12360870079600278
3,1,8,36.24941176470588,0.06133511013174292
3,1,9,28.93411764705882,0.04328260602906603
3,1,10,26.958235294117653,0.0384065718315032
3,1,11,28.277058823529416,0.041661132317045296
3,1,12,28.757058823529412,0.04284566459010611
3,1,13,32.16058823529412,0.05124481132041235
3,1,14,34.73588235294117,0.057600059226613626
3,1,15,37.7235294117647,0.06497290164680469
3,1,16,39.677058823529414,0.06979377380223972
3,1,17,35.46999999999999,0.05941169682070664
3,1,18,38.62294117647059,0.06719244802610616
3,1,19,36.41235294117647,0.06173721238620107
3,1,20,31.670588235294115,0.05003560129166276
3,1,21,27.216470588235296,0.03904383858134841
3,1,22,23.333529411764708,0.029461611210668922
3,1,23,20.37764705882353,0.022167156955606896
3,2,0,16.63611111111111,0.012933885953768234
3,2,1,14.875000000000004,0.00858785897969094
3,2,2,14.382777777777777,0.007373165005232728
3,2,3,14.570555555555558,0.0078365584176107
3,2,4,16.22222222222222,0.011912501065538716
3,2,5,19.86722222222222,0.0209075430140943
3,2,6,33.21944444444444,0.05385783080430692
3,2,7,28.845000000000002,0.0430626836768985
3,2,8,24.473333333333336,0.032274391481625836
3,2,9,25.13111111111111,0.03389763941137584
3,2,10,25.370555555555555,0.0344885345614791
3,2,11,26.12555555555555,0.036351705115981
3,2,12,28.051111111111105,0.04110354407249581
3,2,13,31.21277777777778,0.04890582782942768
3,2,14,33.402222222222214,0.054308885338840485
3,2,15,34.983333333333334,0.05821071271052
3,2,16,35.98444444444445,0.06068123025225103
3,2,17,31.986666666666665,0.050815611922452805
3,2,18,35.25555555555556,0.058882496059825346
3,2,19,32.574444444444445,0.05226611556238146
3,2,20,30.186111111111114,0.0463722449120476
3,2,21,24.928888888888892,0.03339860035189189
3,2,22,21.422222222222224,0.024744934023697585
3,2,23,18.643888888888895,0.017888630901501817
3,3,0,15.940526315789475,0.011217338789791403
3,3,1,13.66473684210526,0.005601201126726723
3,3,2,12.582631578947371,0.0029308081953527895
3,3,3,12.834210526315788,0.003551648575312285
3,3,4,14.612631578947367,0.007940392600172489
3,3,5,17.700526315789475,0.015560623791014399
3,3,6,26.889473684210525,0.03823688361049776
3,3,7,25.46736842105263,0.034727446985705734
3,3,8,23.17157894736842,0.029061953811263527
3,3,9,23.306842105263158,0.02939575292768527
3,3,10,24.15368421052632,0.03148556918574981
3,3,11,25.151052631578946,0.03394685060839263
3,3,12,26.394736842105267,0.03701598411852719
3,3,13,28.723157894736843,0.04276200470626958
3,3,14,29.931578947368422,0.04574411665687006
3,3,15,32.5578947368421,0.05222527459828834
3,3,16,35.16000000000001,0.05864668639435491
3,3,17,31.922631578947367,0.050657587697428244
3,3,18,34.7521052631579,0.05764009372810257
3,3,19,33.004736842105274,0.05332798062880223
3,3,20,30.020000000000007,0.04596231997032864
3,3,21,24.176315789473687,0.03154141884336123
3,3,22,20.637368421052635,0.022808090988031254
3,3,23,17.453684210526312,0.014951472874275878
3,4,0,16.161578947368422,0.011762847073437836
3,4,1,13.678947368421055,0.0056362695163897185
3,4,2,13.090526315789475,0.004184178418492796
3,4,3,13.31736842105263,0.004743973823853765
3,4,4,14.815263157894737,0.008440441860181721
3,4,5,17.55526315789474,0.015202146918903894
3,4,6,27.050526315789476,0.0386343253600116
3,4,7,24.244210526315786,0.03170896781619548
3,4,8,22.824210526315788,0.02820472650839056
3,4,9,24.585789473684212,0.0325519079973539
3,4,10,24.42578947368421,0.03215706390633362
3,4,11,24.756315789473682,0.032972728673309706
3,4,12,25.537368421052633,0.03490019127552711
3,4,13,27.477368421052635,0.03968767587914791
3,4,14,30.06578947368421,0.046075318114798244
3,4,15,32.641052631578944,0.05243048961927914
3,4,16,32.97684210526316,0.05325914267872302
3,4,17,28.94526315789474,0.04331011064840956
3,4,18,29.478421052631575,0.04462582467539486
3,4,19,27.27894736842105,0.03919801725311289
3,4,20,25.725789473684216,0.035365172145873355
3,4,21,23.117894736842107,0.028929473228092254
3,4,22,20.38631578947368,0.022188549437318506
3,4,23,18.066842105263156,0.016464608946771337
3,5,0,17.18888888888889,0.014298017448786195
3,5,1,15.388333333333334,0.009854650438380973
3,5,2,14.521666666666668,0.007715911612021165
3,5,3,14.733888888888892,0.008239628427193894
3,5,4,16.077777777777776,0.011556044594478742
3,5,5,17.142777777777777,0.014184225575332433
3,5,6,19.745555555555555,0.020607296986547636
3,5,7,20.81555555555556,0.02324781684524572
3,5,8,24.43722222222222,0.03218527736386084
3,5,9,27.68388888888889,0.04019732204414722
3,5,10,28.050555555555555,0.04110217308606867
3,5,11,28.721666666666668,0.042758324690070376
3,5,12,28.942777777777778,0.043303977288077555
3,5,13,30.06222222222222,0.04606651493879231
3,5,14,31.75222222222222,0.05023705565019393
3,5,15,35.80500000000001,0.060238401636280386
3,5,16,36.544999999999995,0.062064555557249115
3,5,17,33.265,0.05397025169133353
3,5,18,30.84722222222222,0.048003718760360525
3,5,19,30.706666666666667,0.047656859194290635
3,5,20,28.423888888888893,0.04202347596511599
3,5,21,24.07,0.03127905533551223
3,5,22,21.458888888888893,0.024835419127889734
3,5,23,19.70888888888889,0.020516811882355494
3,6,0,18.095882352941175,0.016536273760505277
3,6,1,15.974705882352941,0.011301686289111521
3,6,2,14.522307692307692,0.007717493519437107
3,6,3,14.141764705882354,0.006778398834629277
3,6,4,14.728823529411764,0.00822712825682866
3,6,5,15.658235294117647,0.010520707903196421
3,6,6,19.270588235294124,0.01943518423759164
3,6,7,20.083529411764708,0.02144134061181963
3,6,8,22.51411764705882,0.027439486876877587
3,6,9,24.337058823529414,0.03193809657567108
3,6,10,25.092352941176472,0.03380199294651677
3,6,11,24.612352941176468,0.032617460673455945
3,6,12,24.499999999999993,0.0323401988301292
3,6,13,24.96941176470588,0.03349860171481368
3,6,14,26.11,0.03631331749602071
3,6,15,29.212941176470594,0.04397067992297639
3,6,16,32.19705882352941,0.05133481254704196
3,6,17,29.029999999999998,0.043519222157140686
3,6,18,30.640588235294118,0.04749379245571976
3,6,19,34.93117647058824,0.05808200127888841
3,6,20,31.41764705882353,0.04941139923600571
3,6,21,25.313529411764712,0.0343478068370448
3,6,22,21.53411764705882,0.025021066819378417
3,6,23,19.451764705882354,0.01988228710536458
4,0,0,16.075555555555557,0.011550560648770133
4,0,1,14.161666666666667,0.006827512407225549
4,0,2,13.150555555555554,0.004332317109805767
4,0,3,13.484444444444446,0.005156279952525159
4,0,4,15.272222222222219,0.00956811427510584
4,0,5,19.513333333333332,0.020034224659997376
4,0,6,30.145,0.04627079191643821
4,0,7,27.48055555555556,0.03969554101180897
4,0,8,26.172222222222224,0.03646686797586193
4,0,9,26.27277777777778,0.03671501651917676
4,0,10,26.153888888888893,0.03642162542376587
4,0,11,27.527222222222225,0.039810703871689876
4,0,12,29.73277777777778,0.04525351998749015
4,0,13,34.61722222222223,0.05730723265502573
4,0,14,39.67777777777778,0.06979554801996898
4,0,15,49.1861111111111,0.09325998072070496
4,0,16,58.044444444444444,0.11512035930167111
4,0,17,46.51777777777778,0.08667513291108564
4,0,18,34.50388888888889,0.05702755142388634
4,0,19,33.782222222222224,0.05524664005501366
4,0,20,35.172222222222224,0.05867684809575227
4,0,21,27.362222222222222,0.0394035209028252
4,0,22,23.582777777777782,0.030076700238898423
4,0,23,19.692777777777778,0.02047705327596803
4,1,0,16.730588235294114,0.013167034292644788
4,1,1,14.125294117647059,0.006737753119377191
4,1,2,12.959999999999999,0.003862068765292038
4,1,3,12.878823529411765,0.0036617434544067608
4,1,4,14.524117647058823,0.007721960081552719
4,1,5,18.33764705882353,0.017132894795098424
4,1,6,25.09764705882353,0.03381505764070494
4,1,7,24.09411764705882,0.031338572275702775
4,1,8,23.115882352941178,0.028924507116266342
4,1,9,24.065294117647056,0.031267442274011625
4,1,10,25.253529411764706,0.03419974030291219
4,1,11,27.462352941176473,0.03965062104475457
4,1,12,29.470000000000002,0.04460504340744645
4,1,13,34.450588235294106,0.05689601737313997
4,1,14,40.205294117647064,0.07109733995568167
4,1,15,49.11882352941176,0.09309393007049853
4,1,16,53.498235294117656,0.10390133542949095
4,1,17,43.60588235294117,0.07948922852255001
4,1,18,33.313529411764705,0.054090011388058426
4,1,19,30.606470588235283,0.04740959775984041
4,1,20,33.20117647058824,0.0538127495447317
4,1,21,27.264705882352942,0.03916287246172952
4,1,22,22.863529411764706,0.028301756693296865
4,1,23,19.611764705882358,0.020277131196384867
4,2,0,16.868124999999996,0.0135064441604083
4,2,1,14.817499999999997,0.008445961884480515
4,2,2,13.344375,0.004810619999579022
4,2,3,13.543125,0.00530109039389327
4,2,4,14.59875,0.007906135978788743
4,2,5,18.297500000000003,0.017033820864171458
4,2,6,25.693125000000006,0.035284563555745246
4,2,7,23.509999999999998,0.029897101016941274
4,2,8,22.85375,0.028277623299865943
4,2,9,23.9925,0.031087802728924283
4,2,10,25.107499999999995,0.0338393724882218
4,2,11,27.161875,0.038909108922532895
4,2,12,29.11625,0.04373206779995631
4,2,13,33.688125,0.05501442922891449
4,2,14,38.950624999999995,0.06800109816012813
4,2,15,46.116249999999994,0.08568425247086027
4,2,16,52.381249999999994,0.10114486640987283
4,2,17,45.003125,0.0829373097907544
4,2,18,35.23374999999999,0.05882868484255953
4,2,19,34.136874999999996,0.0561218435154479
4,2,20,39.82062499999999,0.07014806290505086
4,2,21,28.344375,0.04182725353272959
4,2,22,23.979375,0.03105541317458278
4,2,23,20.084375,0.02144342733380802
4,3,0,17.869999999999997,0.015978846808476655
4,3,1,15.098124999999998,0.009138481403496542
4,3,2,13.238124999999998,0.004548418845385874
4,3,3,12.916875,0.003755645943884233
4,3,4,14.420625000000001,0.0074665634555825845
4,3,5,18.589375,0.017754102858337343
4,3,6,24.648124999999997,0.03270573808626907
4,3,7,23.421249999999997,0.02967808593520346
4,3,8,23.094375000000003,0.028871431796126907
4,3,9,23.185624999999998,0.02909661631678689
4,3,10,25.07375,0.03375608506277222
4,3,11,25.616874999999997,0.035096395668618385
4,3,12,27.72375,0.040295690320295494
4,3,13,31.929999999999993,0.05067577130688311
4,3,14,37.4025,0.06418067310756091
4,3,15,45.6,0.08441026333342769
4,3,16,53.848125,0.10476478469746886
4,3,17,43.05375,0.07812668979117537
4,3,18,33.34625,0.05417075845630476
4,3,19,32.015,0.05088553223023766
4,3,20,34.622499999999995,0.05732025702608365
4,3,21,26.278125,0.036728212263538104
4,3,22,23.388124999999995,0.029596340869484417
4,3,23,20.05125,0.02136168226808897
4,4,0,17.56411764705882,0.015223997810937893
4,4,1,15.276470588235293,0.009578598288960547
4,4,2,13.92705882352941,0.006248552903664568
4,4,3,13.798235294117646,0.0059306453450857465
4,4,4,14.956470588235291,0.008788910106919994
4,4,5,18.637058823529408,0.017871775833073842
4,4,6,24.15117647058823,0.031479380646397506
4,4,7,21.93941176470588,0.02602124174111727
4,4,8,22.372352941176473,0.02708964339917214
4,4,9,23.561176470588233,0.030023393060760257
4,4,10,24.836470588235297,0.03317053272742185
4,4,11,26.014117647058825,0.036076701367946065
4,4,12,28.831176470588243,0.04302857030874052
4,4,13,32.46588235294117,0.05199820868526352
4,4,14,38.25823529411765,0.06629243575980995
4,4,15,44.4870588235294,0.08166377428853665
4,4,16,48.78941176470589,0.09228101576545682
4,4,17,38.12294117647058,0.0659585602416678
4,4,18,29.644705882352945,0.04503617831565608
4,4,19,28.634705882352936,0.04254372499109059
4,4,20,29.633529411764705,0.045008597294592154
4,4,21,24.978235294117642,0.033520376205127295
4,4,22,22.438823529411764,0.02725367789286805
4,4,23,19.804117647058824,0.02075181508522173
4,5,0,17.81,0.01583078027434406
4,5,1,15.073888888888888,0.009078672120611964
4,5,2,13.470555555555556,0.00512200529184632
4,5,3,12.91111111111111,0.00374142195970251
4,5,4,13.203888888888887,0.00446393180681252
4,5,5,14.879444444444443,0.008598826871108158
4,5,6,19.296666666666667,0.01949953995340743
4,5,7,19.47611111111111,0.019942368569378078
4,5,8,21.76166666666667,0.025582606730688514
4,5,9,23.717777777777783,0.030409849940696784
4,5,10,24.853333333333335,0.033212146197798983
4,5,11,26.482222222222223,0.0372318784022137
4,5,12,27.470555555555553,0.03967086325612018
4,5,13,29.946666666666673,0.045781349761944354
4,5,14,31.95555555555556,0.05073883668253221
4,5,15,34.93277777777777,0.058085952945649
4,5,16,37.40444444444446,0.06418547156005597
4,5,17,31.254999999999995,0.04901002279789135
4,5,18,27.341111111111108,0.03935142341859335
4,5,19,27.401666666666667,0.03950086093915313
4,5,20,30.306111111111104,0.04666837798031277
4,5,21,25.135555555555552,0.03390860730279306
4,5,22,21.429999999999996,0.024764127833677724
4,5,23,18.922777777777775,0.01857686608793296
4,6,0,18.077222222222225,0.01649022474580501
4,6,1,16.01222222222222,0.011394268196074604
4,6,2,14.59888888888889,0.007906478725395533
4,6,3,14.213333333333335,0.006955014144950849
4,6,4,14.49888888888889,0.007659701168507862
4,6,5,15.543333333333331,0.010237155651556858
4,6,6,18.267222222222227,0.01695910210389159
4,6,7,19.103333333333335,0.019022436676757935
4,6,8,21.43722222222222,0.02478195065723073
4,6,9,22.945555555555558,0.028504178806953096
4,6,10,23.584999999999994,0.03008218418460701
4,6,11,24.15888888888889,0.031498413163856834
4,6,12,24.930555555555554,0.03340271331117335
4,6,13,26.416666666666668,0.03707010200380957
4,6,14,28.47277777777778,0.042144122770705505
4,6,15,30.353888888888882,0.046786282813048
4,6,16,32.47,0.05200837011407655
4,6,17,29.522777777777776,0.044735287118026046
4,6,18,27.982777777777773,0.0409349127419559
4,6,19,30.67277777777777,0.04757322902223424
4,6,20,36.749444444444435,0.06256907856244168
4,6,21,26.179444444444446,0.03648469079941494
4,6,22,21.33277777777778,0.024524205208925832
4,6,23,18.56,0.017681611951001586
5,0,0,17.517777777777777,0.015109641413661199
5,0,1,15.341666666666669,0.009739487578500069
5,0,2,13.731666666666666,0.0057663689126085625
5,0,3,13.57888888888889,0.005389347645141294
5,0,4,14.943888888888885,0.008757861296657985
5,0,5,17.048333333333332,0.013951157882716298
5,0,6,20.14333333333333,0.0215889232683897
5,0,7,20.49777777777778,0.022463612608913792
5,0,8,21.12944444444444,0.02402242417658756
5,0,9,22.75611111111111,0.02803667243529367
5,0,10,25.537777777777777,0.03490120147605237
5,0,11,28.39944444444444,0.04196315256232121
5,0,12,31.91666666666666,0.05064286763263143
5,0,13,38.80277777777778,0.06763624439720187
5,0,14,45.08055555555555,0.08312839102403893
5,0,15,54.88388888888889,0.10732081751759359
5,0,16,57.73611111111112,0.11435946183460083
5,0,17,44.904999999999994,0.08269515931305836
5,0,18,32.88944444444444,0.053043464866577614
5,0,19,29.42722222222222,0.0444994774525556
5,0,20,30.380555555555556,0.046852090161551396
5,0,21,26.95111111111111,0.038388990946731455
5,0,22,23.50555555555556,0.029886133125524055
5,0,23,19.94888888888889,0.021109078018885907
5,1,0,17.611052631578946,0.015339822819062269
5,1,1,16.149473684210523,0.011732974000761943
5,1,2,14.792105263157895,0.008383293373323521
5,1,3,14.581578947368419,0.00786376167461263
5,1,4,15.59578947368421,0.010366605633152327
5,1,5,17.863684210526316,0.015963260857515333
5,1,6,21.898947368421055,0.025921384692556237
5,1,7,21.672105263157892,0.02536158928719524
5,1,8,22.218947368421052,0.02671107287459677
5,1,9,24.037894736842105,0.031199826751458822
5,1,10,27.98578947368421,0.0409423449315347
5,1,11,31.865263157894734,0.050516015309529524
5,1,12,37.392105263157895,0.06415502122993705
5,1,13,41.37052631578947,0.07397287150632599
5,1,14,52.478947368421046,0.10138596158880583
5,1,15,63.11736842105262,0.12763919715391364
5,1,16,68.53789473684212,0.1410158395664722
5,1,17,48.089473684210525,0.0905537256706839
5,1,18,33.882105263157904,0.05549312898317983
5,1,19,30.555263157894736,0.047283229314301053
5,1,20,30.76105263157895,0.04779107154979094
5,1,21,27.035263157894736,0.03859665931185505
5,1,22,22.873684210526314,0.028326816457587622
5,1,23,19.765263157894736,0.020655930926121408
5,2,0,18.11684210526316,0.016587997725215183
5,2,1,16.567894736842103,0.01276554325194983
5,2,2,15.593157894736844,0.010360111486918445
5,2,3,15.237368421052631,0.009482102916097041
5,2,4,16.371052631578948,0.012279781113655162
5,2,5,18.13052631578947,0.01662176728563138
5,2,6,21.70473684210526,0.025442116700495423
5,2,7,21.643684210526317,0.025291452507869284
5,2,8,22.571052631578947,0.027579989640690725
5,2,9,24.331578947368424,0.03192457347116051
5,2,10,26.934210526315788,0.038347284096473824
5,2,11,31.47631578947368,0.04955618049616117
5,2,12,36.94368421052631,0.06304841871168285
5,2,13,46.47052631578948,0.0865585269075972
5,2,14,60.583684210526314,0.12138663315992815
5,2,15,79.03736842105263,0.16692618421043082
5,2,16,94.09789473684214,0.2040921831069608
5,2,17,67.46,0.13835583726907244
5,2,18,37.61842105263158,0.06471351780605127
5,2,19,31.516842105263155,0.049656190348163015
5,2,20,31.46526315789474,0.049528905081978866
5,2,21,27.061052631578946,0.03866030194494713
5,2,22,23.849473684210523,0.030734845881112572
5,2,23,20.599999999999998,0.02271587411151006
5,3,0,18.03944444444444,0.01639699766875854
5,3,1,15.960555555555553,0.011266766458349304
5,3,2,14.818333333333335,0.008448018364121259
5,3,3,14.41333333333333,0.007448569258726178
5,3,4,15.49555555555556,0.010119250818821656
5,3,5,17.95,0.016176268853986795
5,3,6,22.141666666666666,0.026520361446861648
5,3,7,21.388333333333335,0.024661303851641208
5,3,8,22.24722222222222,0.026780848868020856
5,3,9,23.504444444444445,0.029883391152669744
5,3,10,26.12555555555556,0.03635170511598103
5,3,11,28.942777777777778,0.043303977288077555
5,3,12,35.16388888888889,0.05865628329934497
5,3,13,41.135555555555555,0.07339301640482035
5,3,14,53.34833333333333,0.10353141103294067
5,3,15,68.10777777777777,0.13995440744313367
5,3,16,76.33,0.1602450065650088
5,3,17,50.37388888888889,0.09619114970195965
5,3,18,35.94722222222222,0.06058937416163172
5,3,19,31.934999999999988,0.05068811018472749
5,3,20,32.18944444444444,0.051316021968363906
5,3,21,27.06444444444444,0.0386686721778708
5,3,22,23.82777777777778,0.03068130525327321
5,3,23,20.89111111111111,0.02343427099933861
5,4,0,18.654117647058825,0.017913873181013517
5,4,1,17.01235294117647,0.01386236634999299
5,4,2,15.972941176470593,0.011297331391048809
5,4,3,15.801764705882348,0.010874906278964595
5,4,4,16.537647058823527,0.012690898771120344
5,4,5,18.68647058823529,0.017993712978830106
5,4,6,21.811176470588236,0.02570478581522603
5,4,7,21.90529411764706,0.025937047045237954
5,4,8,22.37764705882353,0.027102708093360305
5,4,9,24.135882352941177,0.031441638196520585
5,4,10,27.106470588235286,0.03877238326877196
5,4,11,29.785882352941172,0.04538457016067396
5,4,12,33.72705882352941,0.05511050916742333
5,4,13,40.28294117647059,0.07128895547044148
5,4,14,49.08882352941176,0.09301989680343223
5,4,15,63.01470588235294,0.12738584904907171
5,4,16,69.63823529411764,0.1437312331111609
5,4,17,49.40882352941176,0.09380958498547277
5,4,18,34.11764705882353,0.05607439327197282
5,4,19,31.31470588235295,0.04915736351568019
5,4,20,31.126470588235293,0.048692841055656313
5,4,21,27.15882352941177,0.03890157857796611
5,4,22,24.388235294117642,0.03206438861949004
5,4,23,21.133529411764705,0.024032504959140163
5,5,0,19.276875000000004,0.019450698561940084
5,5,1,17.259999999999998,0.01447350371146187
5,5,2,16.197499999999998,0.01185149216953037
5,5,3,15.323125,0.009693730906493805
5,5,4,15.74625,0.010737908444074764
5,5,5,16.49125,0.012576401242887909
5,5,6,19.428125,0.019823949616732683
5,5,7,19.971249999999994,0.021164260222578824
5,5,8,21.5425,0.025041752585176363
5,5,9,24.001875,0.0311109381248825
5,5,10,26.875000000000004,0.0382011658062114
5,5,11,28.684375000000003,0.04266629722614769
5,5,12,33.458125,0.05444684084807286
5,5,13,40.165625,0.07099944547631334
5,5,14,47.5825,0.08930262839872576
5,5,15,61.735,0.12422782213725331
5,5,16,70.29437499999999,0.14535043864710734
5,5,17,48.728125000000006,0.09212977378482014
5,5,18,33.526250000000005,0.05461495805870259
5,5,19,29.930000000000003,0.045740220169129736
5,5,20,30.045625,0.0460255567192811
5,5,21,27.065624999999997,0.03867158552402851
5,5,22,23.40625,0.029641069301670316
5,5,23,21.150625000000005,0.024074693034122813
5,6,0,18.282941176470587,0.01699789295515398
5,6,1,16.360588235294113,0.012253957332160403
5,6,2,14.580588235294119,0.007861316819559882
5,6,3,13.608823529411765,0.005463219619686755
5,6,4,13.510000000000002,0.0052193453281742345
5,6,5,14.06235294117647,0.006582428421806719
5,6,6,17.338823529411762,0.014668022491596853
5,6,7,17.89764705882353,0.016047073544792668
5,6,8,19.68823529411765,0.020465843445769547
5,6,9,21.976470588235294,0.02611269460043447
5,6,10,24.060588235294112,0.03125582921251102
5,6,11,25.51529411764706,0.034845716848882866
5,6,12,29.767647058823528,0.045339569547359154
5,6,13,35.4435294117647,0.059346373349765794
5,6,14,42.35117647058824,0.07639289599995357
5,6,15,50.961764705882345,0.09764189528066952
5,6,16,53.730588235294114,0.10447473034108287
5,6,17,42.775882352941174,0.07744097480038235
5,6,18,32.491764705882346,0.052062080523516796
5,6,19,28.933529411764702,0.04328115439637846
5,6,20,28.912941176470586,0.04323034725231335
5,6,21,25.926470588235293,0.03586040809749745
5,6,22,22.247647058823528,0.026781897269406326
5,6,23,19.778823529411767,0.020689394879656025
6,0,0,19.741249999999997,0.020596671841737187
6,0,1,18.69375,0.01801167693333885
6,0,2,17.626875,0.015378868873293507
6,0,3,17.40125,0.014822077010565708
6,0,4,17.785,0.01576908588512214
6,0,5,18.946875000000002,0.01863633262421077
6,0,6,20.374375,0.02215908224878226
6,0,7,20.87,0.02338217351510678
6,0,8,22.609375,0.027674560645221693
6,0,9,24.790625,0.033057396104834005
6,0,10,29.001250000000006,0.0434482736095355
6,0,11,33.299375000000005,0.05405508147651368
6,0,12,38.3375,0.06648804326446062
6,0,13,45.635000000000005,0.08449663547833838
6,0,14,53.47875,0.103853250096715
6,0,15,64.126875,0.13013043282606027
6,0,16,64.25874999999999,0.13045587072920586
6,0,17,43.14125,0.07834262015345209
6,0,18,35.77625,0.060167453088675146
6,0,19,32.730625,0.052651534121715055
6,0,20,30.603749999999998,0.047402883958660394
6,0,21,27.383125000000007,0.03945510426714688
6,0,22,25.114375,0.03385633844525783
6,0,23,22.872500000000002,0.028323894091782386
6,1,0,19.31625,0.019547867224964596
6,1,1,18.23875,0.016888839049499945
6,1,2,17.281249999999996,0.014525943942300498
6,1,3,16.944375,0.013694612047535162
6,1,4,17.2625,0.014479673150384061
6,1,5,18.381874999999997,0.01724203942779542
6,1,6,19.573749999999997,0.020183319433950343
6,1,7,20.214999999999996,0.021765780517492523
6,1,8,21.766875,0.025595459728443067
6,1,9,24.174375,0.031536629410513745
6,1,10,28.454375,0.04209870884530603
6,1,11,32.3775,0.05178010087395546
6,1,12,37.053125,0.06331849401818461
6,1,13,44.89812499999999,0.08267819335602233
6,1,14,53.7575,0.1045411425365394
6,1,15,63.560625,0.12873305491018386
6,1,16,61.85000000000001,0.12451161632767416
6,1,17,41.896249999999995,0.07527023957020058
6,1,18,34.147499999999994,0.056148063630867204
6,1,19,30.639375,0.047490798463301634
6,1,20,29.106249999999996,0.04370739004426753
6,1,21,27.225,0.039064887255318245
6,1,22,24.747500000000002,0.03295097328342621
6,1,23,22.506874999999997,0.027421613649411824
6,2,0,20.013529411764708,0.021268596321998266
6,2,1,18.624117647058817,0.017839839913947195
6,2,2,17.39941176470588,0.014817540658417037
6,2,3,16.811176470588236,0.01336590797084251
6,2,4,16.95705882352941,0.013725912877360986
6,2,5,18.157647058823528,0.016688695192700605
6,2,6,19.708823529411767,0.020516650589834654
6,2,7,20.246470588235297,0.02184344286627778
6,2,8,22.196470588235297,0.02665560522558735
6,2,9,24.487058823529413,0.03230826291100258
6,2,10,29.656470588235294,0.04506521096940756
6,2,11,33.41882352941177,0.05434985363913428
6,2,12,37.90411764705883,0.06541855288189011
6,2,13,46.80294117647058,0.08737885217951759
6,2,14,55.5229411764706,0.10889785514012251
6,2,15,68.85529411764708,0.14179911000399928
6,2,16,70.90941176470587,0.14686821134900946
6,2,17,45.9129411764706,0.08518253192321737
6,2,18,35.9164705882353,0.060513486030575755
6,2,19,31.48470588235294,0.04957688536238922
6,2,20,29.278823529411767,0.04413326278398472
6,2,21,26.88764705882353,0.03823237590899424
6,2,22,24.53235294117647,0.032420038627945805
6,2,23,22.121764705882356,0.02647124787426539
6,3,0,20.254444444444445,0.02186312055382045
6,3,1,18.792777777777772,0.018256055263978988
6,3,2,17.528333333333332,0.015135690155777117
6,3,3,16.64333333333333,0.012951708777321231
6,3,4,16.91888888888889,0.013631718045189489
6,3,5,18.182222222222222,0.016749341180537055
6,3,6,20.841666666666665,0.023312253207321932
6,3,7,21.268888888888892,0.02436654176980316
6,3,8,23.74722222222222,0.030482512221335915
6,3,9,26.083888888888893,0.03624888113394449
6,3,10,30.86444444444444,0.04804621933960228
6,3,11,36.84111111111112,0.06279529132292208
6,3,12,42.06388888888889,0.07568393472459423
6,3,13,51.23666666666666,0.09832029162332936
6,3,14,62.43944444444445,0.12596623292688425
6,3,15,75.21333333333334,0.15748932384642983
6,3,16,71.67555555555556,0.14875888227831494
6,3,17,46.1361111111111,0.085733265235631
6,3,18,36.0861111111111,0.060932120768420125
6,3,19,33.364444444444445,0.054215658261794045
6,3,20,31.100555555555545,0.0486288885711426
6,3,21,27.913333333333334,0.0407635394385617
6,3,22,24.985,0.03353706998103441
6,3,23,22.721666666666668,0.027951671276810145
6,4,0,19.403333333333332,0.019762769347420942
6,4,1,18.140555555555554,0.016646517198500525
6,4,2,17.163333333333334,0.014234952073137127
6,4,3,16.760555555555555,0.013240986913450676
6,4,4,16.986666666666668,0.013798978389302243
6,4,5,18.035555555555554,0.016387400763768472
6,4,6,19.70888888888889,0.020516811882355494
6,4,7,20.154999999999998,0.02161771398335993
6,4,8,21.83388888888889,0.025760834966218494
6,4,9,24.538333333333334,0.03243479689360282
6,4,10,28.69833333333333,0.0427007432601299
6,4,11,32.25277777777778,0.051472314421059456
6,4,12,38.88611111111112,0.06784189236127494
6,4,13,48.71,0.09208504535263423
6,4,14,63.353333333333325,0.1282215055995521
6,4,15,80.3438888888889,0.1701503835011945
6,4,16,75.10666666666667,0.1572260944524163
6,4,17,48.04722222222223,0.09044945854503987
6,4,18,36.74999999999999,0.06257044954886883
6,4,19,32.181111111111115,0.05129545717195662
6,4,20,29.668888888888887,0.045095856548367466
6,4,21,26.94333333333333,0.03836979713675129
6,4,22,25.361111111111114,0.0344652277922175
6,4,23,23.045,0.028749585377413612
6,5,0,20.47611111111111,0.02241014413825478
6,5,1,18.70833333333333,0.018047665327051623
6,5,2,17.51,0.015090447603681053
6,5,3,16.990555555555556,0.01380857529429232
6,5,4,16.913333333333334,0.013618008180917952
6,5,5,17.03611111111111,0.01392099618131892
6,5,6,17.73222222222222,0.01563884217454253
6,5,7,18.47888888888889,0.01748144793263715
6,5,8,21.443333333333335,0.02479703150792943
6,5,9,24.226666666666667,0.031665673507969574
6,5,10,28.08111111111111,0.04117757733956212
6,5,11,31.596111111111114,0.04985180846416375
6,5,12,36.84833333333333,0.06281311414647504
6,5,13,42.7788888888889,0.0774483942563411
6,5,14,51.46666666666667,0.09888788000417104
6,5,15,60.07388888888889,0.12012857272006366
6,5,16,61.37722222222221,0.1233449068781663
6,5,17,43.20944444444444,0.0785109087373852
6,5,18,34.72444444444445,0.05757183303546638
6,5,19,30.929444444444446,0.048206624751579275
6,5,20,29.026666666666667,0.043510996238577765
6,5,21,26.35111111111111,0.036908325605405426
6,5,22,24.41166666666667,0.032122211988211774
6,5,23,22.905000000000005,0.028404096797770884
6,6,0,19.727647058823525,0.02056310283583702
6,6,1,18.51235294117647,0.01756402970330805
6,6,2,17.62588235294118,0.015376419243133242
6,6,3,16.99,0.013807204307865157
6,6,4,16.65352941176471,0.01297687041057254
6,6,5,16.788235294117644,0.013309294296027094
6,6,6,16.887058823529415,0.013553168587539629
6,6,7,17.83823529411765,0.015900458643347642
6,6,8,19.554705882352938,0.020136322825690115
6,6,9,22.630588235294116,0.027726910149017344
6,6,10,25.634117647058826,0.03513894665177292
6,6,11,29.236470588235296,0.04402874523047935
6,6,12,33.359411764705875,0.05420323873768923
6,6,13,40.20882352941175,0.07110604975180707
6,6,14,48.13941176470589,0.09067696164568696
6,6,15,55.360588235294124,0.1084972045183519
6,6,16,57.07117647058823,0.11271855237381861
6,6,17,41.9629411764706,0.07543481842615438
6,6,18,34.15352941176471,0.056162942865914875
6,6,19,31.031176470588235,0.04845767656026925
6,6,20,29.315882352941173,0.04422471564330191
6,6,21,26.305294117647062,0.03679525954829546
6,6,22,24.048235294117642,0.03122534492607196
6,6,23,22.94294117647059,0.02849772710611943
7,0,0,19.56947368421053,0.02017276644632029
7,0,1,18.24368421052632,0.0169010155736885
7,0,2,17.380526315789478,0.014770935608973867
7,0,3,16.624736842105268,0.012905816810601791
7,0,4,16.774210526315787,0.013274684316686502
7,0,5,17.733684210526317,0.015642450033561368
7,0,6,19.144210526315785,0.019123312414924282
7,0,7,19.752105263157897,0.020623460194951985
7,0,8,21.65368421052632,0.025316130263558053
7,0,9,23.96736842105263,0.031025783632390672
7,0,10,28.049999999999997,0.04110080209964151
7,0,11,33.16947368421052,0.053734514183043466
7,0,12,40.5221052631579,0.07187915876052114
7,0,13,53.65052631578946,0.1042771554921319
7,0,14,96.65526315789474,0.21040319441705121
7,0,15,174.36736842105265,0.4021792291914471
7,0,16,188.7931578947368,0.4377788400163636
7,0,17,111.76263157894736,0.24768478911654435
7,0,18,42.57263157894737,0.07693939750596517
7,0,19,33.914736842105256,0.05557365639647999
7,0,20,31.279473684210522,0.04907041835786649
7,0,21,27.960526315789473,0.040880001127689386
7,0,22,23.943684210526317,0.030967336316285708
7,0,23,21.67368421052631,0.02536548577493557
7,1,0,19.34111111111111,0.019609218867579725
7,1,1,18.214444444444446,0.01682885839331198
7,1,2,17.27722222222222,0.014516004290703637
7,1,3,16.778333333333332,0.013284858479119591
7,1,4,16.837777777777777,0.013431554026825044
7,1,5,17.679999999999996,0.015509969450390081
7,1,6,19.16722222222223,0.019180100115880627
7,1,7,19.56666666666667,0.020165839357004143
7,1,8,21.279444444444444,0.024392590511919072
7,1,9,23.79,0.03058807817622675
7,1,10,27.349444444444444,0.03937198821500067
7,1,11,32.23388888888889,0.05142570088253623
7,1,12,39.175,0.06855480530339485
7,1,13,52.49277777777778,0.10142009193512397
7,1,14,77.85222222222222,0.16400150937541003
7,1,15,120.8527777777778,0.27011722982353553
7,1,16,161.16388888888892,0.3695960049778098
7,1,17,89.6377777777778,0.19308561544104919
7,1,18,42.28944444444445,0.07624055521401865
7,1,19,34.28,0.05647504389374339
7,1,20,31.065000000000005,0.0485411454398048
7,1,21,27.617222222222225,0.04003280367288878
7,1,22,23.987777777777776,0.031076149344293477
7,1,23,21.876111111111108,0.025865029934682166
7,2,0,19.24058823529412,0.019361150970525324
7,2,1,18.080588235294123,0.016498531310628357
7,2,2,17.02294117647059,0.013888495738369335
7,2,3,16.28882352941176,0.012076858144276312
7,2,4,16.46764705882353,0.01251815448129898
7,2,5,17.671176470588236,0.01548819496007647
7,2,6,19.17470588235294,0.019198568109516968
7,2,7,19.667647058823526,0.020415036301704426
7,2,8,21.374705882352945,0.024627674361045734
7,2,9,23.661176470588234,0.03027017061764793
7,2,10,27.74117647058824,0.040338694938664904
7,2,11,33.07941176470588,0.05351226157840376
7,2,12,40.14176470588236,0.07094056362542361
7,2,13,55.74117647058824,0.10943641086721265
7,2,14,93.73882352941176,0.2032060759537771
7,2,15,195.16411764705882,0.4535009388434406
7,2,16,215.36058823529413,0.5033412955386246
7,2,17,156.4794117647059,0.35803576677778914
7,2,18,45.12705882352942,0.08324315065261777
7,2,19,33.56117647058824,0.05470114874952732
7,2,20,30.41,0.04692475244219055
7,2,21,27.327058823529406,0.03931674552661241
7,2,22,23.50117647058824,0.029875326526627676
7,2,23,21.330000000000002,0.024517350276790067
7,3,0,19.265,0.019421393727059668
7,3,1,18.07,0.016472401922252005
7,3,2,17.231250000000003,0.014402555163856672
7,3,3,16.668125,0.013012889046632971
7,3,4,16.6975,0.013085379953968728
7,3,5,17.614375,0.015348021678682554
7,3,6,19.052499999999995,0.01889699141867335
7,3,7,19.520625,0.02005221885685377
7,3,8,21.12125,0.02400220212678705
7,3,9,24.046875,0.03122198802548196
7,3,10,28.138125,0.04131827482164878
7,3,11,33.18125,0.05376357548744011
7,3,12,39.915000000000006,0.07038095922436363
7,3,13,50.92625000000001,0.09755425295715725
7,3,14,81.26375,0.17242039427795428
7,3,15,154.85062499999995,0.3540162865929381
7,3,16,225.80375,0.5291126750033931
7,3,17,117.11,0.26088089426380084
7,3,18,42.601875,0.07701156370598922
7,3,19,34.499375,0.05701641215916571
7,3,20,31.431874999999994,0.049446510601636406
7,3,21,28.75125,0.042831329717316305
7,3,22,24.158125,0.031496528057519485
7,3,23,21.69375,0.02541500363996897
7,4,0,19.23411764705882,0.019345183010961994
7,4,1,18.029411764705884,0.016372239266809367
7,4,2,17.326470588235296,0.014637538205157796
7,4,3,16.806470588235296,0.013354294909341913
7,4,4,16.699411764705886,0.01309009776020335
7,4,5,17.667058823529413,0.015478033531263449
7,4,6,18.875294117647062,0.01845968707154155
7,4,7,19.458823529411763,0.019899706697615472
7,4,8,21.06823529411765,0.023871373730819396
7,4,9,24.037647058823527,0.031199215537695623
7,4,10,28.675882352941173,0.04264533927922082
7,4,11,34.19294117647058,0.05626020225598234
7,4,12,40.0035294117647,0.07059942994384358
7,4,13,53.432352941176475,0.10373875256848258
7,4,14,72.69823529411764,0.15128262635192363
7,4,15,123.73588235294119,0.2772320848566404
7,4,16,148.31,0.337875492012754
7,4,17,68.92823529411766,0.1419791124572585
7,4,18,38.75235294117646,0.06751180721737253
7,4,19,34.10294117647059,0.05603810245478345
7,4,20,30.65823529411765,0.047537341436347
7,4,21,27.46941176470588,0.03966804063700545
7,4,22,24.465882352941176,0.032256004134249894
7,4,23,22.14941176470589,0.026539474610581402
7,5,0,20.971111111111114,0.023631693044848762
7,5,1,19.202777777777783,0.019267843247218464
7,5,2,18.249444444444446,0.01691523053822266
7,5,3,17.31777777777778,0.01461608629988587
7,5,4,16.90111111111111,0.013587846479520566
7,5,5,17.107222222222223,0.014096482443994602
7,5,6,17.978333333333335,0.016246189161771642
7,5,7,18.79277777777778,0.018256055263979002
7,5,8,20.75111111111111,0.02308878241969588
7,5,9,23.31833333333333,0.02942411069957324
7,5,10,27.47277777777778,0.039676347201828804
7,5,11,32.67666666666667,0.05251837706497775
7,5,12,39.729444444444454,0.0699230497576943
7,5,13,50.09055555555557,0.09549194662411127
7,5,14,83.84666666666668,0.17879445292439874
7,5,15,156.42499999999998,0.3579014907541884
7,5,16,170.13555555555556,0.39173606478991524
7,5,17,104.30222222222221,0.22927417317219884
7,5,18,43.91166666666667,0.08024383558130752
7,5,19,33.33444444444444,0.054141624994727744
7,5,20,30.459999999999997,0.047048141220634374
7,5,21,27.71611111111111,0.04027683925692213
7,5,22,24.39666666666667,0.03208519535467863
7,5,23,22.24222222222222,0.026768509990176475
7,6,0,20.442105263157895,0.022326225337476902
7,6,1,18.91842105263158,0.018566114668056872
7,6,2,17.915789473684214,0.01609184495294629
7,6,3,16.88315789473684,0.013543541970769384
7,6,4,16.488421052631576,0.012569420035686469
7,6,5,16.32473684210526,0.012165484139938756
7,6,6,16.87421052631579,0.013521461873574173
7,6,7,17.687368421052632,0.015528153059844969
7,6,8,19.575789473684214,0.02018835239728162
7,6,9,22.074736842105263,0.026355193660979815
7,6,10,25.617894736842103,0.03509891215028402
7,6,11,30.051578947368423,0.04604024972513526
7,6,12,36.03,0.06079365113927762
7,6,13,44.98842105263158,0.08290102374867256
7,6,14,68.53421052631579,0.14100674776174474
7,6,15,142.03368421052633,0.32238695324493577
7,6,16,169.53473684210522,0.3902533790475386
7,6,17,116.09631578947368,0.2583793491345079
7,6,18,50.44,0.09635429708679093
7,6,19,34.484736842105264,0.05698028847073973
7,6,20,31.021578947368425,0.04843399202694568
7,6,21,28.6778947368421,0.04265030539104672
7,6,22,24.426315789473687,0.03215836273558041
7,6,23,21.851052631578952,0.025803191231099514
8,0,0,19.088235294117652,0.018985178104443532
8,0,1,17.709411764705884,0.01558255108476882
8,0,2,16.80411764705882,0.013348488378591605
8,0,3,16.51529411764706,0.012635736728992517
8,0,4,16.815882352941177,0.0133775210323431
8,0,5,17.559999999999995,0.015213836382124871
8,0,6,20.46,0.02237038553186733
8,0,7,20.861176470588234,0.023360399024793154
8,0,8,21.951176470588234,0.026050274394868764
8,0,9,24.84647058823529,0.03319521048311061
8,0,10,28.76,0.04285292275354398
8,0,11,33.09882352941176,0.05356016545709372
8,0,12,41.74941176470588,0.0749078757605648
8,0,13,79.32294117647061,0.1676309136793881
8,0,14,203.8394117647059,0.47490961771978984
8,0,15,409.80882352941177,0.9831959000086371
8,0,16,362.7752941176471,0.8671277052082402
8,0,17,177.52941176470588,0.40998244250264376
8,0,18,49.48117647058823,0.09398813580604444
8,0,19,37.70529411764706,0.06492790103348989
8,0,20,36.388823529411766,0.06167914707869809
8,0,21,32.30235294117647,0.05159465479811781
8,0,22,24.13352941176471,0.031435831665770284
8,0,23,21.24941176470588,0.024318476598592344
8,1,0,18.715555555555557,0.018065488150604634
8,1,1,17.52111111111111,0.01511786733222412
8,1,2,16.62833333333333,0.01291469214378808
8,1,3,16.171111111111113,0.011786370314240579
8,1,4,16.357222222222223,0.01224565076733707
8,1,5,17.517777777777773,0.015109641413661192
8,1,6,19.478333333333335,0.0199478525150867
8,1,7,19.93888888888889,0.021084400263197137
8,1,8,21.15722222222222,0.024090973497945246
8,1,9,23.201111111111107,0.029134832563443794
8,1,10,26.818333333333328,0.038061325190641704
8,1,11,31.460555555555555,0.04951728777593824
8,1,12,47.131666666666675,0.08819007291309053
8,1,13,116.45999999999998,0.2592768401440309
8,1,14,220.40888888888887,0.51579936855591
8,1,15,353.9266666666667,0.845291278566619
8,1,16,344.24777777777786,0.821405953032747
8,1,17,160.06833333333336,0.36689241974346265
8,1,18,48.77611111111112,0.09224819273746555
8,1,19,35.224444444444444,0.05880572081990472
8,1,20,33.10944444444445,0.053586375491730495
8,1,21,29.805,0.04543174822302014
8,1,22,23.725555555555548,0.030429043750676902
8,1,23,21.313333333333336,0.024476220683975456
8,2,0,19.078947368421055,0.018962257588323924
8,2,1,17.922631578947374,0.016108729733154397
8,2,2,17.292105263157897,0.014552732295515288
8,2,3,16.90578947368421,0.013599391628380805
8,2,4,16.99947368421053,0.013830583234307154
8,2,5,17.84368421052632,0.01591390534613781
8,2,6,19.649473684210527,0.020370188491830424
8,2,7,20.09842105263158,0.021478089839331384
8,2,8,21.58789473684211,0.02515377660771091
8,2,9,23.830000000000002,0.030686789198981827
8,2,10,27.50368421052632,0.03975261734148679
8,2,11,32.52894736842106,0.05215383898971561
8,2,12,44.242105263157896,0.08105928387674248
8,2,13,92.4757894736842,0.20008919136839337
8,2,14,234.94842105263155,0.5516796708124913
8,2,15,362.211052631579,0.8657352838539747
8,2,16,313.8852631578947,0.7464780812441376
8,2,17,136.28894736842108,0.30821023201636255
8,2,18,43.63000000000001,0.0795487454627406
8,2,19,34.276315789473685,0.05646595208901595
8,2,20,31.66736842105263,0.0500276555127413
8,2,21,27.94315789473684,0.04083713976254573
8,2,22,23.418421052631583,0.029671104728002055
8,2,23,21.252105263157897,0.024325123548267037
8,3,0,19.37894736842105,0.019702590258986925
8,3,1,18.39421052631579,0.017272480738266763
8,3,2,17.69736842105263,0.015552830815533731
8,3,3,17.24894736842105,0.014446228297279543
8,3,4,17.324736842105256,0.01463325970881545
8,3,5,18.05157894736842,0.016426942898614797
8,3,6,19.59526315789474,0.020236409079412373
8,3,7,19.98842105263158,0.021206634526754944
8,3,8,21.44631578947368,0.024804391540327816
8,3,9,23.74947368421053,0.030488068324224914
8,3,10,27.332631578947364,0.03933049783628417
8,3,11,33.20210526315789,0.05381504159634365
8,3,12,40.95947368421053,0.07295848586459301
8,3,13,67.46842105263158,0.1383766185370209
8,3,14,123.84210526315789,0.27749421915932815
8,3,15,209.12315789473683,0.4879487173316271
8,3,16,210.49210526315787,0.4913269722024945
8,3,17,81.39210526315789,0.17273714626051204
8,3,18,39.585789473684216,0.06956854153050449
8,3,19,33.16894736842105,0.05373321535379669
8,3,20,31.06421052631579,0.04853919719593462
8,3,21,27.751052631578947,0.04036306708747206
8,3,22,23.145263157894735,0.028997012348924666
8,3,23,21.198421052631577,0.02419264296509575
8,4,0,18.82611111111111,0.018338314449608224
8,4,1,17.718888888888888,0.015605938500290847
8,4,2,17.02277777777778,0.013888092507067237
8,4,3,16.650000000000002,0.012968160614447086
8,4,4,16.64388888888889,0.012953079763748394
8,4,5,17.30333333333333,0.014580440652779855
8,4,6,18.89333333333333,0.018504203807293815
8,4,7,19.47888888888889,0.01994922350151385
8,4,8,20.920555555555552,0.023506933279977753
8,4,9,23.17388888888889,0.029067654228513273
8,4,10,27.44722222222222,0.03961328182617972
8,4,11,32.09777777777778,0.05108980920788356
8,4,12,40.825,0.07262663499204143
8,4,13,100.50999999999999,0.2199158198204475
8,4,14,223.6283333333333,0.5237442349012658
8,4,15,311.82833333333326,0.741402040076191
8,4,16,309.215,0.73495291992286
8,4,17,147.41611111111112,0.3356695748514637
8,4,18,42.71111111111111,0.07728113391222831
8,4,19,32.03833333333333,0.05094311366017809
8,4,20,29.121666666666663,0.04374543491762105
8,4,21,26.01388888888889,0.03607613684412311
8,4,22,23.36833333333334,0.029547499478017093
8,4,23,21.15888888888889,0.024095086457226713
8,5,0,19.648235294117644,0.020367132423014463
8,5,1,18.254117647058823,0.01692676295346283
8,5,2,17.407647058823535,0.014837863516043093
8,5,3,16.80764705882353,0.013357198174717057
8,5,4,16.587058823529414,0.012812835916876614
8,5,5,16.844117647058823,0.013447199401346675
8,5,6,17.782941176470587,0.01576400517071563
8,5,7,18.200588235294116,0.016794664378893546
8,5,8,19.978823529411763,0.021182949993431354
8,5,9,22.47411764705882,0.027340775854122517
8,5,10,24.777647058823526,0.03302536945866438
8,5,11,30.02647058823529,0.045978287929891934
8,5,12,37.35058823529411,0.06405256652288244
8,5,13,51.64764705882353,0.09933449899438146
8,5,14,69.95176470588234,0.14450495333363814
8,5,15,109.39117647058822,0.2418325701374478
8,5,16,126.43117647058823,0.28388346583110685
8,5,17,60.7435294117647,0.12178109524234643
8,5,18,35.34764705882352,0.05910975722169114
8,5,19,30.11647058823529,0.04620038773109085
8,5,20,28.109411764705886,0.041247417001086556
8,5,21,24.841176470588238,0.03318214578892245
8,5,22,22.45764705882353,0.02730013013887044
8,5,23,20.75588235294118,0.023100556773717324
8,6,0,19.58625,0.02021416662856131
8,6,1,17.941250000000007,0.01615467581775915
8,6,2,17.010625,0.013858102178973247
8,6,3,16.458125,0.012494656177168866
8,6,4,16.264375,0.012016524660699007
8,6,5,16.244999999999997,0.011968711509052012
8,6,6,17.069375,0.014003083993644753
8,6,7,17.278750000000002,0.014519774503378314
8,6,8,18.963749999999997,0.01867797633693555
8,6,9,21.035,0.023789356483971433
8,6,10,23.371874999999996,0.02955623951649017
8,6,11,27.4275,0.039564611808015765
8,6,12,32.51749999999999,0.05212558945359817
8,6,13,46.494375,0.08661738010784178
8,6,14,64.045625,0.12992992606108905
8,6,15,98.97000000000001,0.21611544544437744
8,6,16,122.99625,0.27540683820610135
8,6,17,63.81,0.12934845644267248
8,6,18,36.853750000000005,0.06282648126413982
8,6,19,31.490625,0.049591492416307933
8,6,20,29.915625,0.04570474589532712
8,6,21,26.854375,0.038150267935103316
8,6,22,22.516249999999996,0.027444749045370042
8,6,23,20.615625,0.022754433104773767
9,0,0,18.90705882352941,0.018538075236670563
9,0,1,17.804117647058828,0.015816263947468327
9,0,2,16.871764705882352,0.01351542613766268
9,0,3,16.628823529411765,0.012915901837694397
9,0,4,16.877058823529413,0.01352849083185086
9,0,5,17.92470588235294,0.01611384864842109
9,0,6,20.778823529411763,0.02315717044853272
9,0,7,20.788235294117644,0.023180396571533913
9,0,8,22.016470588235293,0.02621140562318954
9,0,9,23.409411764705883,0.029648871827366034
9,0,10,26.23,0.03660945056428591
9,0,11,30.22529411764706,0.04646893977829214
9,0,12,35.42058823529412,0.05928975967495041
9,0,13,49.82588235294118,0.09483879256096313
9,0,14,60.33705882352941,0.12077801705523245
9,0,15,75.73470588235294,0.1587759542851834
9,0,16,76.12117647058824,0.15972967696091986
9,0,17,46.06058823529412,0.08554689172779854
9,0,18,34.94529411764705,0.05811684046339016
9,0,19,32.43941176470588,0.05193288521432267
9,0,20,29.185294117647054,0.04390245318666035
9,0,21,25.06176470588235,0.03372650804676289
9,0,22,22.63352941176471,0.02773416831245523
9,0,23,20.593529411764706,0.02269990615194675
9,1,0,19.45875,0.01989952524352952
9,1,1,18.304375,0.01705078682120748
9,1,2,17.2575,0.01446733427253968
9,1,3,17.1,0.014078659620441605
9,1,4,17.395,0.014806653413260224
9,1,5,18.451249999999998,0.01741324135788624
9,1,6,21.662500000000005,0.02533788565344158
9,1,7,21.69625,0.025421173078891152
9,1,8,22.266875000000002,0.02682934751288143
9,1,9,24.546875,0.032455875809920307
9,1,10,27.133124999999996,0.03883816037492768
9,1,11,30.9975,0.0483745705889056
9,1,12,36.11375,0.061000327343171054
9,1,13,54.782500000000006,0.10707061249463803
9,1,14,72.3625,0.15045410699549047
9,1,15,97.485,0.2124507987245955
9,1,16,103.821875,0.22808878403262106
9,1,17,57.31125000000001,0.113310999964435
9,1,18,34.74,0.057610220655426675
9,1,19,32.45375,0.051968268761082306
9,1,20,29.885,0.04562917026853028
9,1,21,26.50125,0.03727883468734372
9,1,22,23.27125,0.029307919599871963
9,1,23,21.220625,0.02424743732394417
9,2,0,19.248125,0.019379750014334878
9,2,1,18.080625,0.01649862203767132
9,2,2,17.353749999999998,0.014704857671044059
9,2,3,16.9175,0.013628290579121603
9,2,4,17.265,0.014485842589306259
9,2,5,18.46125,0.01743791911357501
9,2,6,21.34625,0.024557451629784312
9,2,7,21.166250000000005,0.024113252027386515
9,2,8,22.081875,0.026372809032639232
9,2,9,24.358125,0.03199008317129483
9,2,10,26.798125000000002,0.03801145555935401
9,2,11,30.59875,0.04739054508081601
9,2,12,35.206250000000004,0.058760821014415446
9,2,13,49.541875,0.09413792615399354
9,2,14,70.21625,0.14515764368078887
9,2,15,114.22125,0.25375210758920824
9,2,16,147.884375,0.3368251450362509
9,2,17,56.79624999999999,0.11204009554646346
9,2,18,34.71,0.057536187388360374
9,2,19,33.302499999999995,0.0540627932751664
9,2,20,30.125,0.046221436405060684
9,2,21,26.454375000000002,0.03716315770755263
9,2,22,22.624374999999997,0.027711577278754836
9,2,23,21.039375,0.02380015300208527
9,3,0,19.448235294117644,0.019873577309239127
9,3,1,18.181176470588237,0.016746760500203597
9,3,2,17.14823529411765,0.014197693500822724
9,3,3,16.705882352941178,0.013106065719766666
9,3,4,17.294705882352936,0.014559150040028754
9,3,5,18.468823529411765,0.017456608884427533
9,3,6,21.80294117647059,0.025684462957599987
9,3,7,21.68941176470588,0.025404297848898093
9,3,8,22.66705882352941,0.027816911375646968
9,3,9,24.180000000000003,0.03155051064808867
9,3,10,26.81176470588235,0.03804511529229712
9,3,11,31.10117647058823,0.0486304208500906
9,3,12,37.73823529411764,0.06500919246399406
9,3,13,80.00999999999999,0.16932642065847506
9,3,14,221.03588235294117,0.5173466477083436
9,3,15,366.0611764705883,0.8752365254010317
9,3,16,416.61823529411765,0.9999999999999999
9,3,17,187.73176470588237,0.43515955983593646
9,3,18,55.84588235294118,0.1096948014856009
9,3,19,32.35176470588235,0.05171659194387407
9,3,20,29.646470588235296,0.0450405332137188
9,3,21,26.342352941176472,0.036886712407612654
9,3,22,22.659999999999997,0.02779949178339607
9,3,23,21.269411764705882,0.024367832109969883
9,4,0,19.361111111111107,0.01965857437895725
9,4,1,17.81555555555555,0.01584449013861559
9,4,2,16.659444444444446,0.0129914673837087
9,4,3,16.429444444444446,0.012423879002867056
9,4,4,16.85222222222222,0.013467199673931032
9,4,5,18.36611111111111,0.017203137687924936
9,4,6,21.770000000000003,0.025603171527095816
9,4,7,21.81055555555556,0.02570325353627804
9,4,8,22.15777777777778,0.026560120053249116
9,4,9,24.650000000000002,0.03271036516546072
9,4,10,27.736111111111114,0.04032619476829967
9,4,11,31.20888888888889,0.048896230924437595
9,4,12,35.30500000000001,0.05900451385184202
9,4,13,63.68388888888889,0.12903724252370857
9,4,14,158.3077777777778,0.3625477637558125
9,4,15,275.63222222222225,0.6520781613878447
9,4,16,300.3077777777778,0.7129718945363045
9,4,17,146.15555555555557,0.3325588066482519
9,4,18,46.62055555555556,0.08692876540010909
9,4,19,30.510555555555552,0.04717290098550536
9,4,20,28.716666666666665,0.04274598581222598
9,4,21,26.065,0.036202267595421264
9,4,22,22.638888888888882,0.02774739429916422
9,4,23,21.331111111111113,0.02452009224964437
9,5,0,20.218888888888884,0.0217753774224826
9,5,1,18.783333333333335,0.01823274849471739
9,5,2,17.89333333333333,0.016036428238417114
9,5,3,17.525555555555556,0.015128835223641352
9,5,4,17.42,0.01486834780248215
9,5,5,17.523333333333333,0.015123351277932736
9,5,6,19.30277777777778,0.01951462080410613
9,5,7,19.515,0.020038337619278843
9,5,8,20.832777777777775,0.023290317424487467
9,5,9,23.074444444444445,0.028822247658052757
9,5,10,25.930555555555554,0.03587048888005005
9,5,11,29.267222222222227,0.04410463336153535
9,5,12,32.87666666666667,0.05301193217875309
9,5,13,37.56055555555557,0.06457071874608616
9,5,14,44.28055555555556,0.08115417056893759
9,5,15,53.208888888888886,0.1031872934397251
9,5,16,52.85499999999999,0.10231397508562814
9,5,17,37.99777777777777,0.0656496850642561
9,5,18,30.619444444444444,0.04744161432522749
9,5,19,29.14111111111111,0.043793419442571424
9,5,20,28.069444444444443,0.0411487866245919
9,5,21,25.127777777777776,0.03388941349281292
9,5,22,22.437777777777782,0.0272510972125346
9,5,23,21.175,0.024134845063614175
9,6,0,19.62666666666667,0.020313905891136744
9,6,1,18.516666666666666,0.017574675009683596
9,6,2,17.841111111111115,0.01590755551426468
9,6,3,17.383333333333336,0.014777862698290008
9,6,4,17.143888888888892,0.014186967548186751
9,6,5,17.25944444444444,0.014472132725034708
9,6,6,18.35111111111111,0.017166121054391786
9,6,7,18.490000000000002,0.017508867661180223
9,6,8,19.64666666666667,0.020363261402514276
9,6,9,21.321666666666665,0.02449678548038275
9,6,10,23.59555555555556,0.030108232926722957
9,6,11,26.75388888888888,0.037902290765091856
9,6,12,30.99611111111111,0.04837114312283772
9,6,13,37.04722222222223,0.06330392728739612
9,6,14,44.90722222222222,0.08270064325876697
9,6,15,57.38111111111112,0.1134834015076496
9,6,16,59.58111111111113,0.11891250775917836
9,6,17,41.05333333333333,0.07319011041360159
9,6,18,32.70333333333333,0.052584184413481116
9,6,19,30.350000000000005,0.04677668590805795
9,6,20,28.78888888888889,0.04292421404775598
9,6,21,25.89777777777778,0.035789600680847994
9,6,22,22.662222222222226,0.0278049757291047
9,6,23,20.715555555555554,0.023001039288358036
10,0,0,19.200526315789478,0.019262287144329465
10,0,1,17.41631578947368,0.01485925599775469
10,0,2,15.967368421052631,0.011283579081377035
10,0,3,16.66894736842105,0.01301491846733106
10,0,4,17.64842105263158,0.015432039695583457
10,0,5,19.625263157894732,0.02031044234647866
10,0,6,23.61894736842105,0.030165958671024156
10,0,7,23.935263157894735,0.030946555048337262
10,0,8,23.966315789473683,0.031023185973897114
10,0,9,25.184736842105266,0.03402997568018637
10,0,10,27.33631578947369,0.03933958964101164
10,0,11,30.091052631578954,0.04613766191864356
10,0,12,33.03473684210526,0.0534020138958685
10,0,13,40.25473684210527,0.07121935350315832
10,0,14,48.235263157894735,0.09091350137204118
10,0,15,58.91526315789474,0.11726934444764442
10,0,16,58.284736842105254,0.11571334701000527
10,0,17,40.34684210526316,0.07144664862134432
10,0,18,34.19578947368421,0.05626723121425903
10,0,19,32.578421052631576,0.052275928938912655
10,0,20,29.817894736842103,0.045463569539566165
10,0,21,27.785789473684215,0.04044878981775937
10,0,22,23.635263157894734,0.030206222377674247
10,0,23,21.67684210526316,0.025373278750416246
10,1,0,19.391052631578944,0.019732463331662797
10,1,1,17.497894736842106,0.015060574531005174
10,1,2,16.33473684210526,0.012190161895627525
10,1,3,16.439473684210526,0.012448628915736195
10,1,4,17.161052631578944,0.01422932381306775
10,1,5,20.14421052631579,0.021591087983800997
10,1,6,25.756842105263157,0.0354418030714332
10,1,7,25.398947368421055,0.03455859918362471
10,1,8,25.21315789473684,0.03410011245951233
10,1,9,26.472631578947368,0.03720821084705021
10,1,10,29.218947368421052,0.04398550185673371
10,1,11,31.578947368421048,0.04980945219928272
10,1,12,34.29578947368421,0.056514008771146707
10,1,13,41.112105263157886,0.07333514634615837
10,1,14,48.656315789473695,0.09195256476946298
10,1,15,62.069473684210536,0.12505322812358025
10,1,16,65.19684210526316,0.13277087150793043
10,1,17,41.27052631578948,0.07372609394943835
10,1,18,37.379473684210524,0.06412384932801439
10,1,19,35.917368421052636,0.06051570168046731
10,1,20,31.56947368421053,0.04978607327284075
10,1,21,28.567368421052624,0.0423775512492235
10,1,22,24.959999999999997,0.03347537559181249
10,1,23,22.823157894736845,0.028202128849897017
10,2,0,20.086111111111112,0.021447711666392876
10,2,1,18.60166666666667,0.017784435933038124
10,2,2,17.595555555555553,0.015301579513462716
10,2,3,17.670555555555556,0.015486662681128475
10,2,4,18.316111111111113,0.01707974890948111
10,2,5,20.775,0.02314773483606349
10,2,6,26.246666666666666,0.03665058015710053
10,2,7,24.966666666666672,0.03349182742893836
10,2,8,24.838333333333335,0.03317512956426584
10,2,9,26.185555555555556,0.036499771650113616
10,2,10,27.46111111111111,0.03964755648685857
10,2,11,30.352222222222217,0.04678216985376654
10,2,12,33.44388888888889,0.054411709320877036
10,2,13,43.845555555555556,0.08008068819647622
10,2,14,56.62833333333333,0.11162571489885625
10,2,15,89.33666666666664,0.19234254079753177
10,2,16,106.00055555555554,0.23346527868000777
10,2,17,61.640555555555544,0.12399475444463715
10,2,18,37.43722222222222,0.064266359759258
10,2,19,34.33277777777778,0.056605287604323
10,2,20,30.938888888888894,0.0482299315208409
10,2,21,27.036111111111108,0.03859875187008596
10,2,22,23.738888888888887,0.030461947424928606
10,2,23,21.776666666666664,0.02561962336422165
10,3,0,19.910588235294114,0.021014560601672703
10,3,1,18.34058823529412,0.017140152958536294
10,3,2,17.377058823529413,0.01476237861628921
10,3,3,16.960588235294118,0.013734622673486439
10,3,4,17.632941176470588,0.015393838835384126
10,3,5,20.17529411764706,0.021667795311081258
10,3,6,28.255294117647058,0.041607421907605024
10,3,7,27.123529411764707,0.03881448061671164
10,3,8,24.90294117647059,0.03333456722111777
10,3,9,26.095882352941175,0.036278478311518925
10,3,10,27.788235294117648,0.04045482555367086
10,3,11,30.991764705882353,0.04836041717020176
10,3,12,34.91647058823529,0.05804571046169903
10,3,13,46.05823529411765,0.08554108519704826
10,3,14,58.11411764705881,0.11529229712888825
10,3,15,89.56588235294117,0.19290819366812337
10,3,16,95.41352941176471,0.2073388742153018
10,3,17,53.42588235294118,0.10372278460891926
10,3,18,36.529999999999994,0.06202753892371596
10,3,19,37.2135294117647,0.06371433610667758
10,3,20,30.907647058823528,0.0481528336958786
10,3,21,28.664705882352937,0.04261775825815689
10,3,22,23.928823529411762,0.030930663490494333
10,3,23,21.612941176470585,0.0252155855995134
10,4,0,19.946875000000002,0.021104108193087476
10,4,1,17.804375,0.015816899036769128
10,4,2,16.836875,0.013429326173880918
10,4,3,16.540625,0.01269824766160119
10,4,4,17.019999999999996,0.01388123757493145
10,4,5,19.064375000000002,0.01892629625355378
10,4,6,24.6625,0.032741212360071686
10,4,7,23.800624999999997,0.030614298291646063
10,4,8,24.055,0.031242038701979082
10,4,9,25.306875,0.034331385242266615
10,4,10,27.428125000000005,0.03956615416774634
10,4,11,29.288750000000004,0.04415775908558754
10,4,12,31.338124999999998,0.049215156642054225
10,4,13,36.076874999999994,0.0609093281190687
10,4,14,42.721875000000004,0.07730769677425443
10,4,15,54.334375,0.10596474056783514
10,4,16,51.03375,0.09781953883081149
10,4,17,33.8225,0.05534603657098229
10,4,18,31.080000000000005,0.04857816207333794
10,4,19,31.65375,0.049994048305980934
10,4,20,27.585625,0.0399548288198444
10,4,21,25.304375,0.03432521580334441
10,4,22,23.682499999999994,0.030322792302572493
10,4,23,22.175,0.026602620632490876
10,5,0,21.13705882352941,0.024041214755265616
10,5,1,18.326470588235296,0.017105313774034504
10,5,2,17.072941176470586,0.014011884516813167
10,5,3,16.29647058823529,0.01209572936921478
10,5,4,16.328823529411764,0.01217556916703139
10,5,5,17.020588235294117,0.013882689207619033
10,5,6,19.974117647058826,0.02117133693193077
10,5,7,21.00529411764706,0.023716049033248924
10,5,8,23.09470588235294,0.028872248339513653
10,5,9,25.286470588235293,0.03428103173341636
10,5,10,26.93117647058824,0.03833979672787477
10,5,11,29.825294117647065,0.04548182955074147
10,5,12,32.008823529411764,0.050870290087018114
10,5,13,36.14352941176471,0.061073816247979515
10,5,14,45.12705882352942,0.08324315065261777
10,5,15,69.56294117647059,0.1435454241271514
10,5,16,75.59705882352941,0.15843627223629095
10,5,17,51.3235294117647,0.09853464938352788
10,5,18,36.31941176470588,0.0615078544215643
10,5,19,33.66588235294119,0.0549595393679156
10,5,20,29.356470588235297,0.044324878298744555
10,5,21,26.524117647058823,0.03733526690807318
10,5,22,23.45764705882353,0.02976790570774714
10,5,23,21.238235294117644,0.024290895577528424
10,6,0,21.265,0.024356944864813077
10,6,1,18.844444444444445,0.018383557001704295
10,6,2,17.563333333333333,0.015222062300687806
10,6,3,16.472222222222225,0.012529444957757898
10,6,4,16.60555555555555,0.01285848170027477
10,6,5,17.348888888888887,0.014692861539806461
10,6,6,19.426666666666666,0.019820350777361394
10,6,7,20.246111111111116,0.021842555757413156
10,6,8,22.240555555555556,0.026764397030895015
10,6,9,23.84555555555555,0.030725176818942112
10,6,10,25.225,0.03412933611756483
10,6,11,27.842777777777776,0.040589424162313176
10,6,12,30.26833333333333,0.04657515090326633
10,6,13,35.094444444444456,0.05848490999595078
10,6,14,44.273333333333326,0.08113634774538457
10,6,15,53.23611111111111,0.10325447177465563
10,6,16,51.07444444444444,0.09791996358660046
10,6,17,36.98333333333333,0.0631462638482734
10,6,18,32.614444444444445,0.052364826585136526
10,6,19,30.596111111111107,0.04738403289528703
10,6,20,27.54722222222222,0.0398600593830674
10,6,21,25.807777777777776,0.03556750087964908
10,6,22,22.742777777777775,0.028003768761041974
10,6,23,20.83888888888889,0.023305398275186167
11,0,0,16.098125,0.01160625697237325
11,0,1,14.703125,0.008163710053790251
11,0,2,14.733125000000001,0.008237743320856552
11,0,3,15.686875,0.010591384269672707
11,0,4,17.40125,0.014822077010565708
11,0,5,21.033749999999998,0.02378627176451033
11,0,6,31.391875000000002,0.04934779957888136
11,0,7,29.25125,0.044065217501754655
11,0,8,27.502500000000005,0.03974969497568154
11,0,9,27.28625,0.039216038508911935
11,0,10,28.271875,0.04164833980398604
11,0,11,29.07125,0.04362101789935685
11,0,12,29.988124999999997,0.04588365962407068
11,0,13,32.459374999999994,0.05198214999865722
11,0,14,34.722500000000004,0.05756703458297134
11,0,15,35.40125,0.059242037250346394
11,0,16,34.924375,0.058065216775938316
11,0,17,44.47625,0.08163710053790249
11,0,18,37.461875,0.06432719728196296
11,0,19,30.678750000000004,0.04758796712632617
11,0,20,27.834374999999994,0.040568687992602465
11,0,21,26.7675,0.037935879932557134
11,0,22,23.494999999999997,0.029860084383408116
11,0,23,20.38625,0.022188387083662674
11,1,0,16.26294117647059,0.012012986306023047
11,1,1,15.194117647058825,0.009375369712700119
11,1,2,14.66529411764706,0.008070351926570612
11,1,3,16.001764705882355,0.011368461392739952
11,1,4,17.942941176470587,0.016158849261735903
11,1,5,22.367058823529412,0.02707657870498396
11,1,6,42.42176470588235,0.07656709192246249
11,1,7,38.71470588235294,0.06741890272536778
11,1,8,31.840588235294117,0.050455123138371805
11,1,9,30.10882352941176,0.046181516506152376
11,1,10,30.37882352941176,0.04684781590974908
11,1,11,31.068235294117653,0.04854912941958646
11,1,12,32.048235294117646,0.05096754947708561
11,1,13,34.534705882352945,0.05710360084746317
11,1,14,36.984117647058824,0.06314819935852352
11,1,15,36.832941176470584,0.06277512975781685
11,1,16,36.27058823529411,0.061387368908495596
11,1,17,49.582352941176474,0.09423781662830727
11,1,18,44.19058823529412,0.08093215141399912
11,1,19,36.34823529411764,0.061578984423255434
11,1,20,32.16470588235295,0.051254972749225386
11,1,21,27.794705882352936,0.040470793513234155
11,1,22,24.18588235294118,0.031565026974964425
11,1,23,21.33470588235294,0.02452896333829065
11,2,0,19.246111111111116,0.019374780188536448
11,2,1,17.92833333333333,0.016122800383327796
11,2,2,17.32388888888889,0.014631167150584556
11,2,3,17.499444444444446,0.015064398861565135
11,2,4,19.593333333333334,0.020231646705507516
11,2,5,22.978888888888886,0.02858643799258231
11,2,6,39.839444444444446,0.07019450507027071
11,2,7,35.50555555555556,0.059499439952044514
11,2,8,31.67611111111111,0.05004923050967387
11,2,9,30.489999999999995,0.04712217448770066
11,2,10,29.103333333333335,0.043700192365524984
11,2,11,28.50333333333333,0.042219527024198955
11,2,12,29.27444444444445,0.04412245618508834
11,2,13,30.92555555555556,0.04819702784658922
11,2,14,31.147222222222222,0.04874405143102353
11,2,15,32.17888888888889,0.05128997322624801
11,2,16,33.06666666666666,0.053480809536839646
11,2,17,45.91055555555556,0.08517664474620663
11,2,18,40.67555555555555,0.07225783964313705
11,2,19,33.37222222222222,0.0542348520717742
11,2,20,31.192222222222217,0.04885510133162298
11,2,21,28.555555555555557,0.04234839974835142
11,2,22,24.39055555555555,0.032070114503979924
11,2,23,22.14611111111111,0.02653132933827888
11,3,0,19.648333333333333,0.020367374361795736
11,3,1,18.249444444444446,0.01691523053822266
11,3,2,17.292777777777776,0.014554391910663936
11,3,3,17.83555555555556,0.015893845649993136
11,3,4,18.448333333333338,0.0174060436791437
11,3,5,22.19,0.026639637266024026
11,3,6,32.88611111111111,0.05303523894801469
11,3,7,29.91333333333333,0.045699090576315105
11,3,8,28.061111111111114,0.0411282218281846
11,3,9,29.446111111111115,0.04454609099107884
11,3,10,29.532222222222224,0.04475859388728766
11,3,11,29.441111111111113,0.044533752113234445
11,3,12,30.01722222222222,0.04595546503819285
11,3,13,30.863888888888887,0.04804484835317513
11,3,14,31.700555555555564,0.05010955391246867
11,3,15,32.27111111111111,0.05151755697315552
11,3,16,32.72777777777779,0.052644507816275915
11,3,17,40.98722222222222,0.0730269630287703
11,3,18,35.68444444444444,0.05994089758158799
11,3,19,30.261111111111113,0.04655732807971334
11,3,20,27.14444444444445,0.038866094223380956
11,3,21,26.055555555555557,0.03617896082615965
11,3,22,22.743888888888893,0.0280065107338963
11,3,23,20.65,0.022839262889953898
11,4,0,19.03666666666667,0.01885791830549949
11,4,1,17.786666666666665,0.0157731988444036
11,4,2,17.208333333333332,0.014346001973736571
11,4,3,17.845000000000002,0.01591715241925475
11,4,4,18.697777777777777,0.01802161658493571
11,4,5,21.82444444444444,0.02573752819695686
11,4,6,38.435,0.0667286513824261
11,4,7,34.995000000000005,0.05823950342549024
11,4,8,28.255000000000003,0.04160669609126125
11,4,9,28.194999999999997,0.04145862955712863
11,4,10,27.60333333333333,0.03999852901220992
11,4,11,28.69388888888889,0.042689775368712685
11,4,12,29.058888888888887,0.043590513451352675
11,4,13,30.64277777777778,0.047499195755167964
11,4,14,31.29888888888889,0.0491183307256365
11,4,15,32.02444444444445,0.05090883899949927
11,4,16,32.16388888888889,0.05125295659271485
11,4,17,39.16944444444445,0.06854109543912333
11,4,18,33.01111111111111,0.05334371089412429
11,4,19,28.630000000000003,0.042532111929590014
11,4,20,25.738888888888894,0.03539749856268204
11,4,21,24.303333333333335,0.031854869634916794
11,4,22,21.840555555555557,0.025777286803344335
11,4,23,20.253333333333334,0.021860378580966146
11,5,0,19.03764705882353,0.01886033769331211
11,5,1,17.38235294117647,0.014775443310477376
11,5,2,16.590588235294117,0.012821545713002053
11,5,3,16.636470588235294,0.012934773062632871
11,5,4,17.155882352941173,0.014216564725761171
11,5,5,18.688823529411764,0.017999519509580408
11,5,6,23.437647058823533,0.029718550196369615
11,5,7,25.358823529411765,0.03445958255398804
11,5,8,28.691764705882356,0.04268453336178535
11,5,9,31.258235294117647,0.04901800677767301
11,5,10,28.008235294117647,0.04099773617882373
11,5,11,27.404117647058822,0.039506909408684676
11,5,12,26.69529411764706,0.03775769202015737
11,5,13,26.96529411764706,0.03842399142375408
11,5,14,27.49294117647059,0.03972610594450844
11,5,15,28.14941176470588,0.04134612802384162
11,5,16,28.00941176470588,0.04100063944419888
11,5,17,34.97882352941176,0.05819958352658193
11,5,18,30.425882352941176,0.04696394652475505
11,5,19,27.23235294117647,0.039083032663912914
11,5,20,24.366470588235295,0.0320106782100498
11,5,21,22.799411764705884,0.028143528730351242
11,5,22,20.941176470588236,0.023557821070303294
11,5,23,19.14,0.019112921780950077
11,6,0,18.286250000000003,0.0170060583890216
11,6,1,16.905,0.013597443384510643
11,6,2,16.563125,0.012753772611900919
11,6,3,16.78125,0.013292056157862154
11,6,4,17.416875,0.014860636003829409
11,6,5,18.4775,0.017478020466569256
11,6,6,20.915,0.023493223415706223
11,6,7,21.718125,0.02547515566946033
11,6,8,23.5125,0.029903270455863464
11,6,9,25.486875,0.03477558484466442
11,6,10,24.626875000000002,0.032653297855430446
11,6,11,24.5475,0.03245741816965085
11,6,12,25.051874999999995,0.03370210247220304
11,6,13,25.436249999999998,0.03465065370649002
11,6,14,25.73,0.03537556277984756
11,6,15,27.02,0.03855899326369851
11,6,16,27.1475,0.038873634648730296
11,6,17,39.361875000000005,0.06901597086282871
11,6,18,34.35,0.056647788183564765
11,6,19,28.81125,0.042979396251448906
11,6,20,26.835624999999997,0.038103997143186866
11,6,21,25.149375000000003,0.033942710590168526
11,6,22,21.955,0.026059710007337995
11,6,23,19.8525,0.02087121187377473
12,0,0,20.268888888888895,0.02189876620092646
12,0,1,19.354999999999997,0.019643493528258563
12,0,2,19.123888888888885,0.019073163174562608
12,0,3,19.488333333333333,0.019972530270775463
12,0,4,21.69944444444444,0.025429056250847275
12,0,5,26.023888888888887,0.036100814599811876
12,0,6,45.437777777777775,0.08400993529669878
12,0,7,41.74555555555555,0.07489835950183513
12,0,8,34.56,0.05716602105302887
12,0,9,32.51222222222222,0.05211256508254024
12,0,10,29.272222222222222,0.044116972239379715
12,0,11,27.865,0.04064426361939932
12,0,12,26.150000000000002,0.036412028518775785
12,0,13,25.23055555555556,0.03414304598183637
12,0,14,24.91777777777778,0.03337118062334882
12,0,15,24.800555555555555,0.03308190248721937
12,0,16,25.871666666666663,0.03572516431877175
12,0,17,40.996111111111105,0.07304889881160476
12,0,18,35.65555555555556,0.05986960628737602
12,0,19,30.570555555555554,0.04732096751963796
12,0,20,28.409444444444443,0.04198783031800997
12,0,21,26.60388888888889,0.03753212442976038
12,0,22,23.267222222222227,0.02929797994827511
12,0,23,21.97222222222222,0.02610221058657976
12,1,0,19.35,0.01963115465041419
12,1,1,18.364705882352943,0.017199669898726847
12,1,2,17.8,0.015806102518655298
12,1,3,18.62882352941176,0.0178514529754478
12,1,4,19.886470588235298,0.02095504366148217
12,1,5,23.369411764705884,0.02955016080461097
12,1,6,38.08411764705882,0.06586275248428787
12,1,7,32.65588235294117,0.052467086043350084
12,1,8,29.585882352941177,0.044891015046898616
12,1,9,28.75352941176471,0.04283695479398067
12,1,10,27.96235294117647,0.04088450882919291
12,1,11,25.872941176470587,0.03572830952292817
12,1,12,24.640588235294118,0.032687139042459526
12,1,13,23.360588235294124,0.02952838631429736
12,1,14,22.859411764705882,0.028291595264483844
12,1,15,22.59470588235294,0.027638360555075302
12,1,16,23.803529411764703,0.030621465728040965
12,1,17,39.27176470588236,0.06879359888050089
12,1,18,34.47588235294118,0.05695843757870571
12,1,19,29.785882352941176,0.04538457016067396
12,1,20,28.03647058823529,0.041067414547827294
12,1,21,25.914117647058816,0.03582992381105837
12,1,22,22.3464705882353,0.02702577156091886
12,1,23,20.408235294117645,0.022242641855360765
12,2,0,19.751875000000002,0.020622891957156515
12,2,1,18.64,0.017879033996511726
12,2,2,18.479375000000005,0.017482647545760916
12,2,3,18.79875,0.018270793368070897
12,2,4,19.901875,0.02099305829248802
12,2,5,23.479374999999997,0.029821525390144422
12,2,6,41.36125,0.07394997964085155
12,2,7,35.790625000000006,0.06020292736247777
12,2,8,30.55125,0.04727332574129438
12,2,9,29.315624999999997,0.044224080554001094
12,2,10,27.815625,0.04052241720068604
12,2,11,26.510625,0.03730197008330194
12,2,12,25.83375,0.03563159449511852
12,2,13,25.201249999999998,0.034070726447804
12,2,14,24.44125,0.0321952170154577
12,2,15,24.664375,0.03274583943926332
12,2,16,25.448750000000004,0.034681500901101
12,2,17,36.50625,0.061968929253955155
12,2,18,33.1925,0.053791337962589975
12,2,19,29.328749999999996,0.04425647010834259
12,2,20,27.051875000000003,0.03863765360995647
12,2,21,25.71,0.035326207268470036
12,2,22,21.626875000000002,0.02524997114880034
12,2,23,19.09625,0.019004956599811728
12,3,0,17.658823529411762,0.015457710673637399
12,3,1,16.46294117647059,0.012506541419798383
12,3,2,16.01705882352941,0.011406203842616886
12,3,3,16.196470588235297,0.011848951812327122
12,3,4,17.867647058823525,0.015973040277726353
12,3,5,21.325294117647058,0.024505737215289463
12,3,6,36.86,0.06284190486144528
12,3,7,31.527647058823526,0.04968285454858214
12,3,8,28.378235294117644,0.0419108131393081
12,3,9,28.04117647058823,0.041079027609327884
12,3,10,26.341764705882355,0.036885260774925085
12,3,11,25.070000000000004,0.033746830904388944
12,3,12,24.45235294117647,0.03222261658243568
12,3,13,24.322352941176472,0.03190180575848171
12,3,14,23.90529411764706,0.030872598182991363
12,3,15,23.543529411764705,0.02997984408013302
12,3,16,25.245882352941177,0.03418086907797373
12,3,17,41.241764705882346,0.07365511675118797
12,3,18,36.51882352941176,0.061999957902652045
12,3,19,31.08823529411764,0.04859848493096397
12,3,20,30.02823529411765,0.04598264282795468
12,3,21,27.479411764705876,0.03969271839269421
12,3,22,23.44235294117647,0.029730163257870205
12,3,23,21.337058823529418,0.024534769869040973
12,4,0,20.15777777777778,0.021624568915495707
12,4,1,19.188888888888883,0.01923356858653959
12,4,2,18.825555555555557,0.018336943463181075
12,4,3,18.915,0.018557672277952814
12,4,4,20.270555555555557,0.021902879160207913
12,4,5,23.85111111111111,0.030738886683213656
12,4,6,40.66555555555556,0.0722331618874483
12,4,7,36.90166666666667,0.06294472884348183
12,4,8,30.72166666666668,0.047693875827823806
12,4,9,29.339444444444446,0.04428286159706532
12,4,10,27.12944444444444,0.038829077589847785
12,4,11,26.040555555555557,0.03614194419262649
12,4,12,25.474999999999998,0.034746280009784
12,4,13,25.295555555555556,0.03430345139381334
12,4,14,24.668333333333337,0.0327556077175568
12,4,15,24.578333333333333,0.032533507916357896
12,4,16,25.871666666666666,0.03572516431877176
12,4,17,39.96333333333334,0.07050023504352601
12,4,18,33.45055555555555,0.05442816115800288
12,4,19,29.095555555555563,0.043680998555544845
12,4,20,26.53333333333333,0.03735800915351184
12,4,21,25.452777777777776,0.03469144055269785
12,4,22,22.05611111111111,0.026309229537079978
12,4,23,20.59,0.022691196355821296
12,5,0,18.34894736842105,0.017160781423043923
12,5,1,16.97736842105263,0.013776032405942506
12,5,2,16.587368421052634,0.012813599934080603
12,5,3,16.886315789473684,0.013551334946250052
12,5,4,18.04263157894737,0.016404862801419586
12,5,5,19.698947368421056,0.020492278441027485
12,5,6,24.34526315789474,0.031958343031576714
12,5,7,26.50736842105263,0.0372939335773375
12,5,8,28.59894736842105,0.042455481004030154
12,5,9,28.571578947368423,0.042387941883197736
12,5,10,27.29473684210526,0.03923698213051621
12,5,11,25.956315789473678,0.03593405935596175
12,5,12,24.832105263157892,0.03315976008484563
12,5,13,23.79,0.03058807817622675
12,5,14,23.830000000000002,0.030686789198981827
12,5,15,23.692105263157895,0.030346495936326195
12,5,16,24.82894736842105,0.033151967109364966
12,5,17,38.09263157894737,0.06588376295739752
12,5,18,32.62684210526316,0.05239542122961616
12,5,19,28.400000000000002,0.04196452354874837
12,5,20,26.118947368421054,0.036335397593215926
12,5,21,24.65157894736842,0.03271426165320106
12,5,22,21.602631578947364,0.02519014382662064
12,5,23,20.39315789473684,0.02220543421752662
12,6,0,19.29315789473684,0.01949088109176224
12,6,1,17.593684210526316,0.015296961453918626
12,6,2,17.27157894736842,0.014502077954890964
12,6,3,17.597894736842107,0.015307352087892852
12,6,4,18.54157894736842,0.017636152927364385
12,6,5,20.05894736842105,0.021380677645823087
12,6,6,23.999999999999996,0.031106311045690855
12,6,7,25.23631578947369,0.034157260946370546
12,6,8,28.636842105263167,0.04254899670979813
12,6,9,29.666315789473682,0.04508950671649434
12,6,10,27.776842105263164,0.040426709720564155
12,6,11,26.199473684210517,0.03653411846797282
12,6,12,24.937368421052632,0.03341952593420108
12,6,13,23.61947368421053,0.030167257500270942
12,6,14,23.477894736842106,0.02981787243288787
12,6,15,23.107894736842105,0.028904795472403485
12,6,16,25.24684210526316,0.03418323753130609
12,6,17,41.399473684210534,0.07404430711489876
12,6,18,37.201052631578946,0.06368354621335692
12,6,19,32.25105263157895,0.05146805714741724
12,6,20,30.217894736842105,0.046450679767116865
12,6,21,27.84684210526316,0.04059945401038552
12,6,22,23.737368421052633,0.030458195251549035
12,6,23,22.58947368421053,0.027625448664327947
